-- phpMyAdmin SQL Dump
-- version 4.2.7.1
-- http://www.phpmyadmin.net
--
-- Host: 127.0.0.1
-- Generation Time: Feb 19, 2018 at 02:57 PM
-- Server version: 5.6.20
-- PHP Version: 5.5.15

SET SQL_MODE = "NO_AUTO_VALUE_ON_ZERO";
SET time_zone = "+00:00";


/*!40101 SET @OLD_CHARACTER_SET_CLIENT=@@CHARACTER_SET_CLIENT */;
/*!40101 SET @OLD_CHARACTER_SET_RESULTS=@@CHARACTER_SET_RESULTS */;
/*!40101 SET @OLD_COLLATION_CONNECTION=@@COLLATION_CONNECTION */;
/*!40101 SET NAMES utf8 */;

--
-- Database: `tata_tertib`
--

-- --------------------------------------------------------

--
-- Table structure for table `admin`
--

CREATE TABLE IF NOT EXISTS `admin` (
`id` int(11) NOT NULL,
  `nama` varchar(50) NOT NULL,
  `username` varchar(50) NOT NULL,
  `password` varchar(50) NOT NULL
) ENGINE=InnoDB  DEFAULT CHARSET=latin1 AUTO_INCREMENT=2 ;

--
-- Dumping data for table `admin`
--

INSERT INTO `admin` (`id`, `nama`, `username`, `password`) VALUES
(1, 'Millenia Saharani', 'millacantik', '7c222fb2927d828af22f592134e8932480637c0d');

-- --------------------------------------------------------

--
-- Table structure for table `data_pelanggaran`
--

CREATE TABLE IF NOT EXISTS `data_pelanggaran` (
`id` int(11) NOT NULL,
  `no_pelanggaran` varchar(6) NOT NULL,
  `nis` int(11) NOT NULL,
  `nama` varchar(50) NOT NULL,
  `kelas` varchar(20) NOT NULL,
  `isi` text NOT NULL,
  `jenis` varchar(50) NOT NULL,
  `tanggal_kejadian` varchar(20) NOT NULL,
  `tempat_kejadian` varchar(50) NOT NULL,
  `nama_saksi` varchar(50) NOT NULL,
  `nis_pelapor` int(11) NOT NULL,
  `nama_pelapor` varchar(50) NOT NULL,
  `kelas_pelapor` varchar(20) NOT NULL,
  `waktu` varchar(30) NOT NULL,
  `waktu_konfirmasi` varchar(30) NOT NULL,
  `status` enum('N','P','Y') NOT NULL,
  `status2` varchar(50) NOT NULL
) ENGINE=InnoDB  DEFAULT CHARSET=latin1 AUTO_INCREMENT=41 ;

--
-- Dumping data for table `data_pelanggaran`
--

INSERT INTO `data_pelanggaran` (`id`, `no_pelanggaran`, `nis`, `nama`, `kelas`, `isi`, `jenis`, `tanggal_kejadian`, `tempat_kejadian`, `nama_saksi`, `nis_pelapor`, `nama_pelapor`, `kelas_pelapor`, `waktu`, `waktu_konfirmasi`, `status`, `status2`) VALUES
(34, 'LPR001', 171810001, 'AFDHAL NURACHMAN ', '10 TJA', 'Siswa/i bertato', 'Aksesori', 'Wednesday, 14/02/201', 'di Sekolah', 'BAGUS SULISTYO', 171810011, 'PAMBUDI PRAKOSA', '10 TJA', '14-02-2018 14:34:22', '14-02-2018 14:37:53', 'Y', 'Kasus Selesai'),
(35, 'LPR002', 171810019, 'DZILAL BAHRI', '10 TRANS', 'Siswa/i tidak melaksanakan tugas', 'Duta Sekolah', 'Tuesday, 13/02/2018', 'Kelas', 'DZILAL BAHRI', 171810076, 'MUHAMMAD FIRLY', '10 TKJ', '14-02-2018 14:35:50', '14-02-2018 14:38:01', 'Y', 'Kasus Ditolak'),
(36, 'LPR003', 151610185, 'JODI ADRIAN', '12 RPL', 'Siswa/i makan di dalam kelas', 'Istirahat', 'Monday, 12/02/2018', 'Kelas', 'ARYA GUSTRIAN', 151610219, 'MILLENIA SAHARANI', '12 RPL', '14-02-2018 14:36:53', '14-02-2018 14:38:13', 'Y', 'Kasus Selesai'),
(37, 'LPR004', 171810020, 'FAISHAL HARIS', '10 TRANS', 'Siswa/i tidak pakai almamater', 'Jadwal Pemakaian Seragam', 'Friday, 02/02/2018', 'Ruang Ujian', 'ALFI SEPTIAN ', 171810023, 'RIAN', '10 TRANS', '16-02-2018 12:34:17', '16-02-2018 14:53:43', 'P', 'Belum Dikonfirmasi'),
(38, 'LPR005', 171810033, 'ARSYAD RIZALDI', '10 TKJ', 'Siswa/i tidak melaksanakan tugas', 'Duta Sekolah', 'Thursday, 01/02/2018', 'Kelas', 'SITI AISYAH', 171810046, 'LIYANI', '10 TKJ', '16-02-2018 12:36:43', '16-02-2018 12:52:41', 'P', 'Sudah Dikonfirmasi'),
(39, 'LPR006', 171810237, 'RINA WIDYA', '10 MM', 'Siswa/i makan di dalam kelas', 'Istirahat', 'Monday, 19/02/2018', 'Kelas', 'MAULANA BISRI', 171810255, 'DAVID WIJAYA', '10 MM', '19-02-2018 20:24:17', '', 'N', ''),
(40, 'LPR007', 171810278, 'ARYANSYAH', '10 MM', 'Siswa/i tidak memakai seragam sesuai jadwal', 'Jadwal Pemakaian Seragam', 'Friday, 16/02/2018', 'Sekolah', 'SYFA HANANIA', 171810294, 'RAKHA FARIZI', '10 MM', '19-02-2018 20:40:17', '', 'N', '');

-- --------------------------------------------------------

--
-- Table structure for table `isi_pelanggaran`
--

CREATE TABLE IF NOT EXISTS `isi_pelanggaran` (
`id` int(11) NOT NULL,
  `nama_pelanggaran` varchar(100) NOT NULL,
  `isi` varchar(100) NOT NULL
) ENGINE=InnoDB  DEFAULT CHARSET=latin1 AUTO_INCREMENT=22 ;

--
-- Dumping data for table `isi_pelanggaran`
--

INSERT INTO `isi_pelanggaran` (`id`, `nama_pelanggaran`, `isi`) VALUES
(1, 'Aksesori', ' Siswa/i bertindik'),
(2, 'Buku Laporan Pendidikan, Transkrip Nilai dan Portofolio', 'Siswa/i tidak dapat menjaga buku raport/transkrip/portofolio'),
(3, 'Duta Sekolah', ' Siswa/i tidak bersedia untuk menjadi perwakilan sekolah'),
(4, 'Aksesori', ' Siswi menggunakan make up'),
(6, 'Duta Sekolah', 'Siswa/i tidak melaksanakan tugas'),
(9, 'Istirahat', 'Siswa/i makan di dalam kelas'),
(10, 'Istirahat', 'Siswa/i istirahat ke luar lokasi sekolah'),
(11, 'Aksesori', 'Siswa/i bertato '),
(12, 'Aksesori', 'Siswi memakai perhiasan berlebihan  '),
(13, 'Buku Laporan Pendidikan, Transkrip Nilai dan Portofolio', 'Siswa/i tidak mengembalikan rapor tepat waktu'),
(14, 'Buku Laporan Pendidikan, Transkrip Nilai dan Portofolio', 'Siswa/i tidak dapat memelihara keutuhan data rapor'),
(15, 'Buku Laporan Pendidikan, Transkrip Nilai dan Portofolio', 'Siswa/i tidak memperhatikan hasil/nilai dalam rapor/transkrip nilai/portofolio'),
(16, 'Duta Sekolah', 'Siswa/i tidak mengikuti ulangan '),
(17, 'Ekstrakurikuler', 'Siswa/i kelas X tidak mengikuti kegiatan ekstrakurikuler pramuka wajib'),
(18, 'Ekstrakurikuler', 'Siswa/i tidak memilih satu jenis kegiatan ekstrakurikuler'),
(19, 'Ekstrakurikuler', 'Siswa/i tidak pulang tepat waktu saat hari ekskul'),
(20, 'Jadwal Pemakaian Seragam', 'Siswa/i tidak memakai seragam sesuai jadwal'),
(21, 'Jadwal Pemakaian Seragam', 'Siswa/i tidak mengenakan almamater');

-- --------------------------------------------------------

--
-- Table structure for table `isi_tatib`
--

CREATE TABLE IF NOT EXISTS `isi_tatib` (
`id` int(11) NOT NULL,
  `nama_tatib` varchar(100) NOT NULL,
  `isi` text NOT NULL
) ENGINE=InnoDB  DEFAULT CHARSET=latin1 AUTO_INCREMENT=125 ;

--
-- Dumping data for table `isi_tatib`
--

INSERT INTO `isi_tatib` (`id`, `nama_tatib`, `isi`) VALUES
(3, 'Ketidak hadiran', 'Siswa yang berhalang hadir wajib membuat surat ijin yang ditandatangani orang tua, menyerahkan surat keterangan dokter bagi yang sakit'),
(4, 'Ketidak hadiran', 'Orangtua/Wali memberitahu melalui telepon maksimal 10 menit sebelum pukul 07:OO WIB kepada guru piket atau wali kelas, yang ditindaklanjuti dengan surat izin dari orangtua/wali atau surat keterangan dokter bagi yang sakit'),
(5, 'Waktu Pelaksanaan KBM', 'Pelaksanaan KBM dapat dilakukan di dalam atau di luar sekolah'),
(7, 'Jadwal Pemakaian Seragam', 'Senin = Putih Abu-Abu (atribut lengkap)'),
(8, 'Jadwal Pemakaian Seragam', 'Selasa = Kemeja Khas (biru muda)'),
(9, 'Etika dan Akhlak', 'Menghormati guru dan tenaga kependidikan Iainnya, sopan dalam ucapan, ramah dalam bersikap dan santun dalam perbuatan baik selama berada dalam Iingkungan sekolah maupun ada di Iuar Iingkungan sekolah'),
(10, 'Etika dan Akhlak', 'Melaksanakan petunjuk/perintah guru sepanjang sesuai dengan norma-norma yang berlaku dalam bidang pendidikan'),
(11, 'Ketidak hadiran', 'Siswa yang tidak hadir di sekolah tanpa keterangan dianggap alpha dan diberi teguran mendidik oleh wali kelas'),
(13, 'Kehadiran Siswa', 'Siswa wajib hadir 15 menit sebelum pukul 07:00 WIB'),
(14, 'Kehadiran Siswa', 'Pintu gerbang sekolah ditutup pukul 07:00 WIB'),
(15, 'Kehadiran Siswa', 'Jika siswa terlambat dari pukul 07:00 WIB, maka siswa akan\r\ndiberikan sanksi sesuai dengan tata tertib sekolah'),
(16, 'Kehadiran Siswa', 'Siswa terlambat lebih dari 3 kali dalam waktu seminggu, akan dikenakan sanksi dipulangkan ke rumah dan orang tua/walinya dipanggil ke sekolah, sebelum orang tua/walinya datang, maka siswa yang bersangkutan tidak diperkenankan masuk sekolah'),
(17, 'Kehadiran Siswa', 'Jika terlambat hadir ke sekolah siswa wajib memberi konfirmasi kepada wali kelas maksimal 10 menit sebelum pukul 07:00 WIB'),
(18, 'Kehadiran Siswa', 'Siswa yang kehadirannya terlambat dan diketahui oleh orang tua dan wali kelas diperkenankan masuk sekolah'),
(24, 'Ketidak hadiran', 'Siswa dalam waktu sebulan memiliki alpha lebih dari 3 kali, diberi surat panggilan orang tua dan mendapat konseling dari guru BK'),
(25, 'Ketidak hadiran', ' Siswa yang dalam waktu satu semester melakukan alpha : 5 kali (diberi Surat Peringatan Pertama), 10 kali (diberi Surat Peringatan Kedua), 20 kali (diberi Surat Peringatan Ketiga atau dikembalikan ke orangtua)'),
(26, 'Ketidak hadiran', 'Informasi ketidakhadiran harus disampaikan oleh orangtua/wali ke pihak sekolah'),
(27, 'Ketidak hadiran', 'Siswa yang karena sesuatu hal meninggalkan sekolah harus mengikuti prosedur seizin guru kelas, wali kelas, wakabid kurikulum/wakabid kesiswaan dan guru piket'),
(28, 'Waktu Pelaksanaan KBM', ' Waktu KBM dilaksanakan : \r\nHari senin s.d jumat = 07.00 - 15.40 WIB\r\ndan Hari sabtu = 07.00 - 13.00 WIB (kegiatan ekstrakulikuler) '),
(29, 'Waktu Pelaksanaan KBM', 'Siswa tidak diperbolehkan berada di luar kelas saat KBM berlangsung'),
(30, 'Waktu Pelaksanaan KBM', 'Siswa tidak diperbolehkan mengaktifkan gadget : Handphone, Walkman, MP3, MP4, tablet, serta bermain game saat KBM berlangsung dan wajib mengumpulkan ke wali kelas sebelum KBM dimulai'),
(31, 'Waktu Pelaksanaan KBM', 'Siswa tidak diperbolehkan makan saat KBM berlangsung'),
(32, 'Waktu Pelaksanaan KBM', 'Siswa wajib mengikuti KBM pada seluruh mata pelajaran yang telah diprogramkan oleh sekolah di setiap semester'),
(33, 'Waktu Pelaksanaan KBM', 'Siswa wajib mengerjakan tugas-tugas dari guru sesuai dengan waktu yang telah ditentukan'),
(34, 'Waktu Pelaksanaan KBM', 'Siswa wajib mengikuti ujian susulan jika tidak dapat mengikuti ujian utama, dengan alasan yang dapat dipertanggung jawabkan. Ujian susulan dapat dilaksanakan dengan memenuhi aturan administrasi yang telah ditetapkan'),
(35, 'Waktu Pelaksanaan KBM', 'Siswa wajib mengembangkan kemampuan belajar mandiri untuk mencapai tujuan yang diinginkan'),
(36, 'Waktu Pelaksanaan KBM', 'Jadwal istirahat pelaksanaan kegiatan pembelajaran diatur oleh sekolah'),
(37, 'Istirahat', 'Siswa tidak diperbolehkan makan di dalam kelas'),
(38, 'Istirahat', 'Siswa tidak diperbolehkan istirahat ke luar lokasi sekolah'),
(39, 'Jadwal Pemakaian Seragam', ' Rabu =  Kemeja Praktik (kombinasi biru muda dan dongker) '),
(40, 'Jadwal Pemakaian Seragam', 'Kamis = Pramuka (atribut lengkap)'),
(41, 'Jadwal Pemakaian Seragam', ' Jumat = Seragam Batik (hitam putih) '),
(42, 'Jadwal Pemakaian Seragam', 'Sabtu = T-Shirt Ekstrakulikuler (biru muda) atau T-Shirt Komunitas yang telah disetujui'),
(43, 'Jadwal Pemakaian Seragam', 'Jam Pendidikan Jasmani dan Rohani = Seragam Olahraga'),
(44, 'Jadwal Pemakaian Seragam', 'Upacara, ujian dan atau kegiatan tertentu = Almamater'),
(45, 'Pakaian Seragam', 'Menggunakan pakaian seragam sekolah yang bersih, sopan dan rapih sesuai dengan ketentuan'),
(46, 'Pakaian Seragam', 'Menggunakan T-Shirt warna putih polos (siswa/i) untuk Iapisan dalam'),
(47, 'Pakaian Seragam', 'Menggunakan pakaian seragam siswa yang ditentukan sekolah berdasarkan jadwalnya'),
(48, 'Pakaian Seragam', 'Menggunakan pakaian olahraga pada saat berolah raga sesuai dengan ketentuan yang berlaku di sekolah'),
(49, 'Pakaian Seragam', 'Siswa yang berada di Iingkungan sekolah harus berpakaian seragam sekolah dan menggunakan sepatu dominan berwarna hitam dengan kaos kaki putih'),
(50, 'Pakaian Seragam', 'Siswa tidak diperbolehkan memakai jaket atau sweater, rompi dan topi yang bukan atribut sekolah selama berada di dalam Iingkungan sekolah'),
(51, 'Pakaian Seragam', 'Setiap pelaksanaan ujian seperti UTS, UAS, Uji Level, US, UKK, UN, Prakerin dan kunjungan industri, siswa wajib\r\nmenggunakan jaket almamater'),
(52, 'Aksesori', 'Dilarang bertindik, bertato, memakai kalung, gelang, cincin, anting dan sejenisnya'),
(53, 'Aksesori', 'Dilarang bertato, menggunakan make up, memakai perhiasan berlebihan'),
(54, 'Etika dan Akhlak', 'Menunjukkan perhatian dan kesungguhan dalam mengikuti penjelasan atau bimbingan guru'),
(55, 'Etika dan Akhlak', 'Menjaga dan memeiihara keamanan, ketertiban, kebersihan, keindahan, kenyamanan, kerindangan dan kekeluargaan di dalam maupun di Iuar Iinkungan sekolah'),
(56, 'Etika dan Akhlak', 'Membiasakan menggunakan kata tolong, maaf, permisi silahkan dan terimakasih'),
(57, 'Etika dan Akhlak', 'Meminta izin jika menggunakan barang milik orang lain'),
(58, 'Larangan Umum', 'Siswa dilarang melakukan tindakan-tindakan yang bertentangan dengan Pancasila dan UUD 1945'),
(59, 'Larangan Umum', 'Siswa dilarang melakukan tindakan yang dapat mencemarkan nama baik sekolah, keluarga dan masyarakat'),
(60, 'Larangan Umum', 'Siswa dilarang berkelahi atau tawuran baik di dalam maupun di Iuar sekolah'),
(61, 'Larangan Umum', 'Siswa dilarang mencontek, bekerja sama, atau berbuat curang pada saat ujian'),
(62, 'Larangan Umum', 'Siswa dilarang membawa, mengedarkan, mengkonsumsi miras dan narkoba di dalam/Iuar sekolah'),
(63, 'Larangan Umum', 'Siswa dilarang membawa rokok, merokok di daIam/luar sekolah menggunakan seragam sekolah'),
(64, 'Larangan Umum', 'Siswa dilarang membawa dan mengedarkan media cetak/elektronik tentang pornografi'),
(65, 'Larangan Umum', 'Siswa dilarang membawa senjata tajam/senjata api ke sekolah'),
(66, 'Larangan Umum', 'Siswa dilarang melakukan perbuatan asusila'),
(67, 'Larangan Umum', 'Siswa dilarang menikah selama berstatus sebagai siswa'),
(68, 'Larangan Umum', 'Siswa dilarang mengunjungi tempat-tempat yang tidak layak bagi pelajar, seperti diskotik, night club, dan Iain-lain'),
(69, 'Larangan Umum', 'Siswa dilarang menyaksikan, mendukung, melibatkan diri dalam kegiatan permainan yang mengandung unsur judi atau berjudi di Iingkungan sekolah atau di Iuar sekolah'),
(70, 'Larangan Umum', 'Siswa dilarang melakukan tindak penghinaan baik melalui perbuatan, tulisan atau kata-kata sesama siswa'),
(71, 'Larangan Umum', 'Siswa dilarang melawan guru dan tenaga kependidikan sekolah'),
(72, 'Penampilan Siswa', 'Siswa diwajibkan berpakaian rapi, bersih dan sopan'),
(73, 'Penampilan Siswa', 'Siswa diwajibkan berpakaian seragam Iengkap dengan atributnya'),
(74, 'Penampilan Siswa', 'Panjang rambut siswa putra maksimal 3 cm di semua sisi dengan potongan rapih, model standar dan tidak disemir warna'),
(75, 'Penampilan Siswa', 'Putri yang tidak menggunakan kerudung wajib mengikat rambutnya dan tidak disemir warna'),
(76, 'Penampilan Siswa', 'Berkuku pendek dan tidak diwarnai'),
(77, 'Kebersihan dan Keindahan', 'Berperan serta menjaga kebersihan dan keindahan sekolah serta Iingkungan sekitar'),
(78, 'Kebersihan dan Keindahan', 'Aktif membersihkan kelas dan halaman kelas sesuai dengan jadwal piket yang telah ditentukan'),
(79, 'Kebersihan dan Keindahan', 'Turut serta dalam kegiatan membersihkan lingkungan di sekitar sekolah'),
(80, 'Kebersihan dan Keindahan', ' Memelihara dan menjaga kerindangan Iingkungan sekolah'),
(81, 'Kebersihan dan Keindahan', 'Mengikuti program jumsih (jumat bersih) sesuai agenda sekolah'),
(82, 'Keamanan dan Ketertiban', 'Siswa wajib pro aktif dalam menggalang persatuan, kekeluargaan dan kerukunan sesama siswa di sekolah sendiri maupun dengan siswa di sekolah Iain '),
(83, 'Keamanan dan Ketertiban', 'Mengembangkan sikap saling menghargai dalam pergaulan di sekolah maupun di masyarakat guna menunjang terpeliharanya ketertiban dan keamanan Iingkungan'),
(84, 'Keamanan dan Ketertiban', 'Mencegah terjadinya perselisihan dan perkelahian dengan sesama pelajar maupun dengan anggota masyarakat\r\nlainnya'),
(85, 'Sarana dan Prasarana', 'Siswa wajib mempergunakan sarana yang ada di sekolah dengan baik demi keperluan peningkatan kualitas diri'),
(86, 'Sarana dan Prasarana', 'Berhati-hati dalam menggunakan alat-alat yang mudah rusak atau pecah'),
(87, 'Sarana dan Prasarana', 'Mengganti barang yang rusak atau tidak bisa diperbaiki, dengan barang sejenis atau dengan uang yang setara dengan harga barang yang rusak jika kerusakan terjadi akibat kecerobohan, kesengajaan atau akibat emosional'),
(88, 'Sarana dan Prasarana', 'Memelihara buku-buku yang dipinjam dari sekolah'),
(89, 'Sarana dan Prasarana', 'Memperbaiki atau membersihkan kembali sarana yang sengaja dirusak, atau dicoret-coret'),
(90, 'Sarana dan Prasarana', 'Menanggung beban bersama jika kerusakan sarana dilakukan oleh beberapa siswa'),
(91, 'Sarana dan Prasarana', 'Mempertanggungjawabkan atas status atau profile yang dibuat di media sosial'),
(92, 'Buku Laporan Pendidikan, Transkrip Nilai dan Portofolio', 'Menjaga dan memelihara keutuhan, kebersihan dan keindahan buku raport, transkrip nilai dan portofolio yang diterima dari sekolah serta mengembalikannya tepat waktu dengan meminta tanda tangan bukti penyerahan kepada wali kelas'),
(93, 'Buku Laporan Pendidikan, Transkrip Nilai dan Portofolio', 'Memelihara keutuhan data rapor, transkrip nilai dan portofolio sehingga terjaga keasliannya'),
(94, 'Buku Laporan Pendidikan, Transkrip Nilai dan Portofolio', 'Memperhatikan hasil/nilai dalam rapor, transkrip nilai dan portofolio, untuk dijadlkan gambaran pada nilai berikutnya, terutama nilai yang kurang'),
(95, 'Praktik Kerja Industri', 'Siswa Kelas XI aktif mengikuti program (PRAKERIN) dengan waktu pelaksanaan sesuai yang disepakati siswa, sekolah dan industri'),
(96, 'Praktik Kerja Industri', 'Membuat Iaporan kehadiran, laporan harian, laporan mingguan dan jurnal, dengan persetujuan pihak pembimbing sekolah dan industri'),
(97, 'Praktik Kerja Industri', 'Membuat dan melaporkan jurnal prakerin sesuai dengan standar baku yang ditetapkan oleh Hubungan Industri'),
(98, 'Praktik Kerja Industri', 'Selama prakerin berlangsung peserta (siswa/i) mematuhi aturan tata tertib pihak industri/sekolah dan melaksanakan program yang telah disepakati sekolah, industri dan siswa'),
(99, 'Praktik Kerja Industri', 'Membina hubungan baik antara siswa, sekolah dan seluruh warga di lingkungan industri dan usaha'),
(100, 'Praktik Kerja Industri', 'Tidak mengambil, memindahtangankan sarana dan prasarana prakerin di industri'),
(101, 'Praktik Kerja Industri', 'Siswa/i yang diketahui melakukan pelanggaran tata tertib dunia usaha/industri akan dikembalikan ke sekolah dan dikenakan sanksi disiplin siswa'),
(102, 'Praktik Kerja Industri', 'Pelaporan jurnal (sidang prakerin) dilaksanakan maksimal 2 minggu setelah kembali ke sekolah'),
(103, 'Praktik Kerja Industri', 'Siswa yang melakukan prakerin harus disetujui oleh Wakabid. Hubin dan sekolah'),
(104, 'Praktik Kerja Industri', 'Hal lain yang diatur pihak dunia usaha dan industri wajib dipatuhi siswa/i prakerin'),
(105, 'Ekstrakurikuler', ' Kegiatan ekstrakurikuler pramuka wajib diikuti oleh siswa/i kelas X '),
(106, 'Ekstrakurikuler', 'Siswa memilih satu jenis kegiatan ekstrakurikuler sesuai dengan kemampuan bakat dan minat siswa'),
(107, 'Ekstrakurikuler', 'Kegiatan ekstrakurikuler di sekolah dilaksanakan maksimal sampai pukul 17.30 WIB'),
(108, 'Organisasi Intra Sekolah', 'Siswa memiliki hak untuk mencalonkan diri sebagai pengurus OSIS setelah mendapatkan persetujuan dari orang tua/wali murid'),
(109, 'Organisasi Intra Sekolah', 'Membaca dan memahami dengan baik Angggaran Dasar dan Anggaran Rumah Tangga OSIS'),
(110, 'Organisasi Intra Sekolah', 'Menyatakan kesediaan jika terpilih menjadi pengurus OSIS'),
(111, 'Organisasi Intra Sekolah', 'Berperan aktif menunjang terselenggaranya program kerja OSIS sehingga dapat mencapai sasaran'),
(112, 'Organisasi Intra Sekolah', 'Melaksanakan setiap keputusan yang telah ditetapkan oleh pengurus OSIS dengan penuh kesadaran dan keikhlasan'),
(113, 'Organisasi Intra Sekolah', 'Siswa/i SMK Telekomunikasi Telesandi Bekasi secara Iangsung menjadi anggota OSIS'),
(114, 'Duta Sekolah', 'Siswa/i bersedia untuk menjadi perwakilan sekolah dalam kegiatan bidang akademik dan non akademik'),
(115, 'Duta Sekolah', 'Siswa/i wajib melaksanakan tugas dengan sungguh-sungguh'),
(116, 'Duta Sekolah', 'Siswa/i berhak mendapat bimbingan khusus untuk mengejar ketinggalan materi pelajaran'),
(117, 'Duta Sekolah', 'Siswa/i berhak mengikuti ulangan yang setara dengan materi yang ditinggalkan selama yang bersangkutan melaksanakan tugasnya'),
(118, 'Keuangan', 'Siswa/i wajib membayar SPP dan kewajiban rutin Iainnya setiap bulan paling Iambat tanggal 10 (sepuluh)'),
(119, 'Keuangan', 'Bagi siswa/i yang belum melakukan kewajiban menyelesaikan administrasi keuangan dalam waktu dan jumlah yang telah ditetapkan, maka orang tua/wali harus menginformasikan kepada bagian keuangan atau bendahara sekolah'),
(120, 'Kendaraan', 'Siswa/i diwajibkan mematikan mesin kendaraan pada saat masuk dan keluar pintu gerbang sekolah'),
(121, 'Kendaraan', 'Siswa/i wajib memarkirkan kendaraannya pada tempat yang telah ditentukan dengan tersusun rapi'),
(122, 'Kendaraan', 'Siswa/i dilarang menggunakan knalpot yang dapat menimbulkan kebisingan dan mengganggu warga sekitar'),
(123, 'Kendaraan', 'Siswa/i yang menggunakan kendaraan bermotor roda dua wajib menggunakan helm dan menyimpan helm sesuai dengan ketentuan yang sudah ditetapkan oleh sekolah'),
(124, 'Kendaraan', 'Siswa/i tetap mentaati peraturan Undang-Undang yang berlaku');

-- --------------------------------------------------------

--
-- Table structure for table `jenis_pelanggaran`
--

CREATE TABLE IF NOT EXISTS `jenis_pelanggaran` (
  `nama_pelanggaran` varchar(100) NOT NULL
) ENGINE=InnoDB DEFAULT CHARSET=latin1;

--
-- Dumping data for table `jenis_pelanggaran`
--

INSERT INTO `jenis_pelanggaran` (`nama_pelanggaran`) VALUES
('Aksesori'),
('Buku Laporan Pendidikan, Transkrip Nilai dan Portofolio'),
('Duta Sekolah'),
('Ekstrakurikuler'),
('Etika dan Akhlak'),
('Istirahat'),
('Jadwal Pemakaian Seragam'),
('Keamanan dan Ketertiban'),
('Kebersihan dan Keindahan'),
('Kehadiran Siswa'),
('Kendaraan'),
('Ketidak hadiran'),
('Keuangan'),
('Larangan Umum'),
('Organisasi Intra Sekolah'),
('Pakaian Seragam'),
('Penampilan Siswa'),
('Praktik Kerja Industri'),
('Sarana dan Prasarana'),
('Waktu Pelaksanaan KBM');

-- --------------------------------------------------------

--
-- Table structure for table `jenis_tatib`
--

CREATE TABLE IF NOT EXISTS `jenis_tatib` (
  `nama_tatib` varchar(100) NOT NULL
) ENGINE=InnoDB DEFAULT CHARSET=latin1;

--
-- Dumping data for table `jenis_tatib`
--

INSERT INTO `jenis_tatib` (`nama_tatib`) VALUES
('Aksesori'),
('Buku Laporan Pendidikan, Transkrip Nilai dan Portofolio'),
('Duta Sekolah'),
('Ekstrakurikuler'),
('Etika dan Akhlak'),
('Istirahat'),
('Jadwal Pemakaian Seragam'),
('Keamanan dan Ketertiban'),
('Kebersihan dan Keindahan'),
('Kehadiran Siswa'),
('Kendaraan'),
('Ketidak hadiran'),
('Keuangan'),
('Larangan Umum'),
('Organisasi Intra Sekolah'),
('Pakaian Seragam'),
('Penampilan Siswa'),
('Praktik Kerja Industri'),
('Sarana dan Prasarana'),
('Waktu Pelaksanaan KBM');

-- --------------------------------------------------------

--
-- Table structure for table `mahasiswa`
--

CREATE TABLE IF NOT EXISTS `mahasiswa` (
`id` int(11) NOT NULL,
  `nis` int(8) NOT NULL,
  `nama` varchar(50) NOT NULL,
  `kelas` enum('10','11','12') NOT NULL,
  `jurusan` varchar(50) NOT NULL
) ENGINE=InnoDB  DEFAULT CHARSET=latin1 AUTO_INCREMENT=911 ;

--
-- Dumping data for table `mahasiswa`
--

INSERT INTO `mahasiswa` (`id`, `nis`, `nama`, `kelas`, `jurusan`) VALUES
(1, 171810001, 'AFDHAL NURACHMAN ', '10', 'TJA'),
(2, 171810002, 'BAGUS SULISTYO', '10', 'TJA'),
(3, 171810003, 'CHIKA ADELIA PUTRIE ', '10', 'TJA'),
(4, 171810004, 'MAUDINA CITRA FEBRIANI', '10', 'TJA'),
(5, 171810005, 'MOCHAMMAD YOGA SUTOMO', '10', 'TJA'),
(6, 171810006, 'MUHAMMAD ARYA SAKHI APRITAMA', '10', 'TJA'),
(7, 171810007, 'MUHAMMAD FEBRI FABIAN ', '10', 'TJA'),
(8, 171810008, 'MUHAMMAD LUTHFI HERMAWAN', '10', 'TJA'),
(9, 171810303, 'MUHAMMAD RAIHAN MUZZAKI', '10', 'TJA'),
(10, 171810009, 'MUHAMMAD RIDHO RABBANI', '10', 'TJA'),
(11, 171810010, 'MUHAMMAD RIZKY FADHILAH', '10', 'TJA'),
(12, 171810011, 'PAMBUDI PRAKOSA', '10', 'TJA'),
(13, 171810012, 'RAHEL NAUFAL PRIHANTORO ', '10', 'TJA'),
(14, 171810013, 'RIDWAN HILAL MUHSIN', '10', 'TJA'),
(15, 171810014, 'ZIHAD ILHAM MUBAROK', '10', 'TJA'),
(16, 171810015, 'ANANDA HANIF PARIKESIT ', '10', 'TRANS'),
(17, 171810016, 'ARYA GUSTRIAN', '10', 'TRANS'),
(18, 171810017, 'AZRIEL NURISWARA AZ-ZIKRI ', '10', 'TRANS'),
(19, 171810018, 'DELTA LAKSANA SINTA', '10', 'TRANS'),
(20, 171810019, 'DZILAL BAHRI', '10', 'TRANS'),
(21, 171810020, 'FAISHAL HARIS', '10', 'TRANS'),
(22, 171810021, 'M AZRIEL FIRDAUSYA ', '10', 'TRANS'),
(23, 171810305, 'MUHAMMAD FATHUR ROZI', '10', 'TRANS'),
(24, 171810022, 'MUHAMMAD SUGANDI', '10', 'TRANS'),
(25, 171810023, 'RIAN', '10', 'TRANS'),
(26, 171810024, 'SITI NUR AJIJAH PASARIBU ', '10', 'TRANS'),
(27, 171810025, 'SUYUFUL ASFIA', '10', 'TRANS'),
(28, 171810026, 'SYAHLA SISWAYANI PERMANA', '10', 'TRANS'),
(29, 171810027, 'TUBAGUS IQRIMAL ISMAIL', '10', 'TRANS'),
(30, 171810029, 'ADIL RAHYANG PUTRANANDA SEKTIYONO', '10', 'TKJ'),
(31, 171810028, 'AFIF SUKMA MAULANA', '10', 'TKJ'),
(32, 171810030, 'ALFI SEPTIAN ', '10', 'TKJ'),
(33, 171810031, 'ANDREA SATRIANI', '10', 'TKJ'),
(34, 171810032, 'ARLANSYAH HARAHAP', '10', 'TKJ'),
(35, 171810033, 'ARSYAD RIZALDI', '10', 'TKJ'),
(36, 171810034, 'BAGAS RIZQI PRIYANTO', '10', 'TKJ'),
(37, 171810035, 'BINTANG NADYA CAHYANITA', '10', 'TKJ'),
(38, 171810036, 'DIMAS SAIFULLOH YUSUF', '10', 'TKJ'),
(39, 171810037, 'DIVA AKBAR MAHESAPUTRA', '10', 'TKJ'),
(40, 171810038, 'FERRY MUHAMMAD WAZIR', '10', 'TKJ'),
(41, 171810039, 'GILANG RAMADHAN PARADISE', '10', 'TKJ'),
(42, 171810040, 'HAFID MUTHI SHAAFA ', '10', 'TKJ'),
(43, 171810041, 'HAFIZH RAHMANSYAH', '10', 'TKJ'),
(44, 171810042, 'HAMDALAH REZA ALFARIS', '10', 'TKJ'),
(45, 171810043, 'IDAM SYAHRUL RAMADHAN', '10', 'TKJ'),
(46, 171810044, 'JAGAD KARUNIA PUTRA ', '10', 'TKJ'),
(47, 171810045, 'KEVIN ARIEL FERDYANSAH ', '10', 'TKJ'),
(48, 171810046, 'LIYANI', '10', 'TKJ'),
(49, 171810048, 'MAULANA HARUN PRASETYA', '10', 'TKJ'),
(50, 171810049, 'MAULANA RAYHAN ALI SETIAWAN', '10', 'TKJ'),
(51, 171810052, 'MOHAMMAD RASYID RAMADHAN', '10', 'TKJ'),
(52, 171810047, 'MUHAMMAD FARID ANFASA', '10', 'TKJ'),
(53, 171810050, 'MUHAMMAD RAFIE ALHAFIDZ', '10', 'TKJ'),
(54, 171810051, 'MUHAMMAD RAIHAN FIRDAUS', '10', 'TKJ'),
(55, 171810053, 'PRAMANA PANGESTU', '10', 'TKJ'),
(56, 171810054, 'RAIHAN ZIDANE RAMADHAN', '10', 'TKJ'),
(57, 171810055, 'SATRIA AFIT HERNANDO', '10', 'TKJ'),
(58, 171810056, 'SENDY EKA PRAYOGA KEDAFOTA', '10', 'TKJ'),
(59, 171810057, 'TAKARINA DEVI INSYANI', '10', 'TKJ'),
(60, 171810058, 'AJENG RORO FATIMAH GONDOSARI', '10', 'TKJ'),
(61, 171810059, 'ALDHI ZIAN HIDAYAT', '10', 'TKJ'),
(62, 171810060, 'ALFIANSYAH WIJAYA SAPUTRA', '10', 'TKJ'),
(63, 171810061, 'ALIF KHAERUL ROSIQIEN', '10', 'TKJ'),
(64, 171810062, 'AZKA ABDUL HAFIZ', '10', 'TKJ'),
(65, 171810063, 'DAFFA ATHOYA RAMADHAN', '10', 'TKJ'),
(66, 171810064, 'DAFFA NURUL ADITYA PUTRA SAPTURI', '10', 'TKJ'),
(67, 171810065, 'DIKY FAHMI RAMADHAN', '10', 'TKJ'),
(68, 171810066, 'FAAIZ FADHLUROHMAN', '10', 'TKJ'),
(69, 171810067, 'HAFIDZ MAULANA YUSUF', '10', 'TKJ'),
(70, 171810068, 'HENDRA ADITYA ', '10', 'TKJ'),
(71, 171810069, 'HIDAYAT NUR ROCHMAN', '10', 'TKJ'),
(72, 171810070, 'INTAN KHARISMATUN NISYA', '10', 'TKJ'),
(73, 171810071, 'IVAN ZULYAN PRATAMA', '10', 'TKJ'),
(74, 171810072, 'LUTHFIAH NUR HASANAH', '10', 'TKJ'),
(75, 171810073, 'MAULANA BISRI', '10', 'TKJ'),
(76, 171810074, 'MUHAMMAD BINTANG PRAMONO', '10', 'TKJ'),
(77, 171810075, 'MUHAMMAD DAFFA ZAKWAN', '10', 'TKJ'),
(78, 171810076, 'MUHAMMAD FIRLY', '10', 'TKJ'),
(79, 171810078, 'MUHAMMAD SAYYID MAHDI MAKARIM', '10', 'TKJ'),
(80, 171810079, 'MUHAMMAD YOGA WICAKSONO', '10', 'TKJ'),
(81, 171810080, 'NAUVAL HAMMAM FAHLEVI', '10', 'TKJ'),
(82, 171810081, 'OVIE PERMATASARI', '10', 'TKJ'),
(83, 171810082, 'REZA AL FIANSYAH', '10', 'TKJ'),
(84, 171810083, 'RIFKI BAGUS PAMUNGKAS', '10', 'TKJ'),
(85, 171810084, 'ULANYASMARA PASARIBU', '10', 'TKJ'),
(86, 171810085, 'YENRI NOFALIN', '10', 'TKJ'),
(87, 171810086, 'YOHAN GUNAWAN', '10', 'TKJ'),
(88, 171810087, 'YUSUF FAHRIAN', '10', 'TKJ'),
(89, 171810088, 'ADIESTY ALFARIZKY JAYAPERTELA', '10', 'TKJ'),
(90, 171810089, 'AFLAH SHIDQII ALJABBAR', '10', 'TKJ'),
(91, 171810090, 'ALDHEN PUTRA WICHAKSONO', '10', 'TKJ'),
(92, 171810091, 'ALDI AJI NUGROHO', '10', 'TKJ'),
(93, 171810092, 'ALFAN FAUZI', '10', 'TKJ'),
(94, 171810093, 'AUGY AKMAL HIDAYAT ', '10', 'TKJ'),
(95, 171810094, 'ERLANGGA TRIGUNAWAN KUSDIANA ', '10', 'TKJ'),
(96, 171810095, 'FACHRUL MAULADI AZWAR', '10', 'TKJ'),
(97, 171810096, 'FADILLAH AMALIA NURSAFITRI ', '10', 'TKJ'),
(98, 171810097, 'FAJAR ILHAM SAPUTRA', '10', 'TKJ'),
(99, 171810098, 'FARIDAH SEPTIANI', '10', 'TKJ'),
(100, 171810099, 'FERRY LEONARDO PURNAMA', '10', 'TKJ'),
(101, 171810100, 'HANNA KHOIRUNNISA', '10', 'TKJ'),
(102, 171810101, 'IDA BAGUS PUTU ALFAREZA MARUFI', '10', 'TKJ'),
(103, 171810102, 'ISMAIL NUR FUADI', '10', 'TKJ'),
(104, 171810105, 'MUHAMAD IHSAN KAMIL', '10', 'TKJ'),
(105, 171810106, 'MUHAMAD REZA MAHENDRA', '10', 'TKJ'),
(106, 171810103, 'MUHAMMAD DEFITRIO', '10', 'TKJ'),
(107, 171810104, 'MUHAMMAD FIKRI ABDILLAH', '10', 'TKJ'),
(108, 171810107, 'MUHAMMAD WILLYAN RAMADHAN', '10', 'TKJ'),
(109, 171810108, 'NUR WAHID IBNU KHOIRUDDIN', '10', 'TKJ'),
(110, 171810109, 'RAHMAT ADI PRIYANTO', '10', 'TKJ'),
(111, 171810110, 'RAJA', '10', 'TKJ'),
(112, 171810111, 'RIO DIOBA RETASYAH', '10', 'TKJ'),
(113, 171810112, 'RIVALDO GIVIAS', '10', 'TKJ'),
(114, 171810113, 'RIZKY CRISTIAN SITUMORANG', '10', 'TKJ'),
(115, 171810114, 'RIZQI ARIVAL', '10', 'TKJ'),
(116, 171810115, 'YAVVI ADI NURRAHMAN', '10', 'TKJ'),
(117, 171810116, 'YOGA FADILLAH PUTRA MAJID', '10', 'TKJ'),
(118, 171810117, 'AHDA ASHASUL BAHRI', '10', 'TKJ'),
(119, 171810118, 'AHNAF MUSYAFFA BISYRI HENDRO SUBAGIO', '10', 'TKJ'),
(120, 171810119, 'AJIE RINJANI FADILAH', '10', 'TKJ'),
(121, 171810120, 'AMANDA TRI KARYA', '10', 'TKJ'),
(122, 171810121, 'ANANDA RIFKI MAULANA', '10', 'TKJ'),
(123, 171810122, 'DAVA DIFA LAVISTA', '10', 'TKJ'),
(124, 171810123, 'DZUL FAKHRI ABDUH HALIM', '10', 'TKJ'),
(125, 171810124, 'FADHILAH EKA PUTRI KRISTIANTI', '10', 'TKJ'),
(126, 171810125, 'FERLIN ALAM PUTRANTO', '10', 'TKJ'),
(127, 171810126, 'GHEMA PUTRA HABABIL', '10', 'TKJ'),
(128, 171810127, 'HARIS SAPUTRA', '10', 'TKJ'),
(129, 171810128, 'INDRA AGUSTIAN SAPUTRA ALI', '10', 'TKJ'),
(130, 171810129, 'MANGERBANG IMANUELLE MALAU ', '10', 'TKJ'),
(131, 171810130, 'MUHAMMAD ARIF PUTRA WIBOWO', '10', 'TKJ'),
(132, 171810131, 'NANDA KUSUMAH', '10', 'TKJ'),
(133, 171810132, 'NAUFAL HILMY MAHDY', '10', 'TKJ'),
(134, 171810133, 'RADEN IFANSYAH FADLILAH', '10', 'TKJ'),
(135, 171810134, 'RADHIT ADIBA INDRACAHYA', '10', 'TKJ'),
(136, 171810135, 'RAFLI TRI SAPUTRA', '10', 'TKJ'),
(137, 171810136, 'RHEDISTYAN FARRAS DIPUTRA', '10', 'TKJ'),
(138, 171810137, 'RINA NURYANI', '10', 'TKJ'),
(139, 171810138, 'RIZKI SEPTYANTO', '10', 'TKJ'),
(140, 171810139, 'RIZKY AHMAD SAPUTRA', '10', 'TKJ'),
(141, 171810140, 'SUKMA WIJAYA', '10', 'TKJ'),
(142, 171810141, 'SYIFA ALMAHDHORI', '10', 'TKJ'),
(143, 171810142, 'TINO AGUSTIANTO HUTASOIT', '10', 'TKJ'),
(144, 171810143, 'VIERYAN MAHESA UTOMO', '10', 'TKJ'),
(145, 171810144, 'WILDA DARRISMAN', '10', 'TKJ'),
(146, 171810145, 'ZAMZAM FATUROHMAN', '10', 'TKJ'),
(147, 171810146, 'ABI BACKR AS SHIDIQ', '10', 'RPL'),
(148, 171810147, 'ANSHARI RUSMENIAR RIZKY ARIEF ', '10', 'RPL'),
(149, 171810148, 'ARDHIAN SULISTYO UTOMO', '10', 'RPL'),
(150, 171810149, 'ARI RAHMAWAN', '10', 'RPL'),
(151, 171810150, 'B. KEENAN ANANDRA', '10', 'RPL'),
(152, 171810151, 'CAHYA VALLENIO', '10', 'RPL'),
(153, 171810152, 'DAFFA IRIANTO PUTRA ', '10', 'RPL'),
(154, 171810153, 'FADLAN MUHAMMAD', '10', 'RPL'),
(155, 171810154, 'FAHREZA HENDRAWAN ', '10', 'RPL'),
(156, 171810155, 'FAKHRI YUSUF', '10', 'RPL'),
(157, 171810156, 'GERRY WILLIAM MATTHEW KURNIAWAN', '10', 'RPL'),
(158, 171810157, 'GREGORIUS DAMAR PRAKOSO PULUNGGONO', '10', 'RPL'),
(159, 171810158, 'HAFIDZ REZA ANANTA', '10', 'RPL'),
(160, 171810159, 'HAPPY ASIH WULANDARI ', '10', 'RPL'),
(161, 171810160, 'INDAH RASHIKA SHABIRA', '10', 'RPL'),
(162, 171810161, 'JIZDAN RIZKIARDI', '10', 'RPL'),
(163, 171810162, 'KUKUH RAFI HERNAWAN', '10', 'RPL'),
(164, 171810163, 'MOCHAMMAD HANIF', '10', 'RPL'),
(165, 171810164, 'MUHAMMAD AFIF AL FARIZI', '10', 'RPL'),
(166, 171810165, 'MUHAMMAD RIVANDI CIKHANAS', '10', 'RPL'),
(167, 171810302, 'NANDARA ROLAND PUTRATAMA ARLI', '10', 'RPL'),
(168, 171810166, 'NIKEN KASILAVASKA', '10', 'RPL'),
(169, 171810167, 'PIUS ARYA KRISNA YUDHA', '10', 'RPL'),
(170, 171810168, 'RAIHAN HARITS FADHILLAH', '10', 'RPL'),
(171, 171810169, 'RAIHAN NASUHA SYAHPUTRA', '10', 'RPL'),
(172, 171810170, 'RAMADANI', '10', 'RPL'),
(173, 171810171, 'RAYHAN AL RAMANOV', '10', 'RPL'),
(174, 171810172, 'RENDI PUTRA PRADANA', '10', 'RPL'),
(175, 171810173, 'RINI DWI WULANSARI', '10', 'RPL'),
(176, 171810174, 'RIO MAHABELLY BETRAND', '10', 'RPL'),
(177, 171810175, 'RIZKI AHMAD FADHILAH', '10', 'RPL'),
(178, 171810176, 'SHERLY AGUSTINA FIRDAUS', '10', 'RPL'),
(179, 171810177, 'ABIYYU AJI PRASETYO UTOMO', '10', 'RPL'),
(180, 171810178, 'ALDI RAMADHAN', '10', 'RPL'),
(181, 171810179, 'AMMAR ALWAARITS RIHHADATUL AISY SUNARYA', '10', 'RPL'),
(182, 171810180, 'ANDIKA DWI ROCHMAN', '10', 'RPL'),
(183, 171810181, 'ANDREAS NOVITO ANDI SANO', '10', 'RPL'),
(184, 171810182, 'AULIA QONITA SALIM ', '10', 'RPL'),
(185, 171810183, 'AUSHA JAUDANTO', '10', 'RPL'),
(186, 171810184, 'DIMAS MULYO AGIB PRATAMA', '10', 'RPL'),
(187, 171810185, 'FADHIL SATRIA TAMIR', '10', 'RPL'),
(188, 171810186, 'HAIKAL DETA PRATAMA', '10', 'RPL'),
(189, 171810187, 'ICHART RAIHANT', '10', 'RPL'),
(190, 171810188, 'JAGAT FADILANSYAH', '10', 'RPL'),
(191, 171810189, 'JOEL MUSA JEREMY HUKOM', '10', 'RPL'),
(192, 171810190, 'LINTANG PRASETYA WIBAWA ', '10', 'RPL'),
(193, 171810191, 'MARCELINUS DIO KRISARDIAN PUTRA', '10', 'RPL'),
(194, 171810195, 'MOHAMMAD ENTOL RIZKY MUSLIMIN', '10', 'RPL'),
(195, 171810192, 'MUHAMMAD AKDIA WAHYU', '10', 'RPL'),
(196, 171810193, 'MUHAMMAD ARIEF ROCHMAN', '10', 'RPL'),
(197, 171810194, 'MUHAMMAD ARYA FADILA', '10', 'RPL'),
(198, 171810196, 'MUHAMMAD IKHSAN', '10', 'RPL'),
(199, 171810197, 'MUHAMMAD KAYSA SETYAWARMAN', '10', 'RPL'),
(200, 171810198, 'MUHAMMAD SHOFARUDIN', '10', 'RPL'),
(201, 171810199, 'NABILA TSANIYA PUTRI', '10', 'RPL'),
(202, 171810200, 'NAYA NUR KENANGA ', '10', 'RPL'),
(203, 171810201, 'NIDA RACHMATIN ', '10', 'RPL'),
(204, 171810202, 'NOVAN JULIAN RIDWAN', '10', 'RPL'),
(205, 171810203, 'OLGA SETYA PERMANA', '10', 'RPL'),
(206, 171810204, 'RAFFYQUL AZZAM CHANIAGO', '10', 'RPL'),
(207, 171810205, 'RIDHO TRESNO PRATAMA', '10', 'RPL'),
(208, 171810206, 'RIFQI SYARIF FADILLAH', '10', 'RPL'),
(209, 171810207, 'TITO SATRIA WICAKSANA', '10', 'RPL'),
(210, 171810208, 'AGUNG YUDATAMA', '10', 'MM'),
(211, 171810209, 'ALYAHALI SAFA DZAKIRAH ', '10', 'MM'),
(212, 171810210, 'AMELIA AISYAH NURHALIZA', '10', 'MM'),
(213, 171810211, 'ANNISA ROSDIANA ', '10', 'MM'),
(214, 171810212, 'ANNISAA NURUL FITRI ', '10', 'MM'),
(215, 171810213, 'ARIQ ATHALLAH GUNAWAN', '10', 'MM'),
(216, 171810214, 'BAGAS KRISTIHADI SYAHPUTRA', '10', 'MM'),
(217, 171810215, 'BAYU AJI PANGESTU', '10', 'MM'),
(218, 171810216, 'CANTIKA FEBRIANI ', '10', 'MM'),
(219, 171810217, 'CHARLINA ROSENNA HALOHO', '10', 'MM'),
(220, 171810218, 'DELLA SYAFIA MUNTAZ', '10', 'MM'),
(221, 171810219, 'DENDI RAMADHAN', '10', 'MM'),
(222, 171810220, 'FATHIN AL FAUZI', '10', 'MM'),
(223, 171810221, 'FAUZAN AKBAR', '10', 'MM'),
(224, 171810222, 'ILHAM SATYO', '10', 'MM'),
(225, 171810223, 'ISTY NADYA', '10', 'MM'),
(226, 171810224, 'KHAMELIA DIFA ANGGRAENI', '10', 'MM'),
(227, 171810225, 'LUTHFI MAULANA', '10', 'MM'),
(228, 171810226, 'MAULIDYA PUTRI SHAFANI', '10', 'MM'),
(229, 171810227, 'MUHAMMAD HAZBY', '10', 'MM'),
(230, 171810228, 'MUHAMMAD TEGAR RIFANI', '10', 'MM'),
(231, 171810229, 'NABILLA RAMADHANIYA', '10', 'MM'),
(232, 171810230, 'NADIFATU NISA', '10', 'MM'),
(233, 171810231, 'NAUFAL TITAN DIANDARU', '10', 'MM'),
(234, 171810232, 'NURUL AISYAH RISMANTO', '10', 'MM'),
(235, 171810233, 'PUSPA ANGGITA', '10', 'MM'),
(236, 171810234, 'RACHEL FEBRIANI KOMARA PUTRI', '10', 'MM'),
(237, 171810235, 'RAINA CAHYANING RATRI ', '10', 'MM'),
(238, 171810236, 'REZTI ANDINI PUTRI', '10', 'MM'),
(239, 171810237, 'RINA WIDYA', '10', 'MM'),
(240, 171810238, 'SHERLY SUCI RAHMADHANI', '10', 'MM'),
(241, 171810239, 'SYIFFA ADELIA DIVANA', '10', 'MM'),
(242, 171810240, 'ZAHRA ZAHIDAH', '10', 'MM'),
(243, 171810241, 'ADYTIA SITI FADIYAH', '10', 'MM'),
(244, 171810242, 'AFIFAH AINIYAH', '10', 'MM'),
(245, 171810243, 'AGUNG GUSTOMI PRAYOGA', '10', 'MM'),
(246, 171810244, 'ALIF RAFI MALIK HAQIQI', '10', 'MM'),
(247, 171810245, 'ANISA MAGHFIRA ', '10', 'MM'),
(248, 171810246, 'ARIF SETIAWAN', '10', 'MM'),
(249, 171810247, 'ARKHAN NAUVAL MAYLANO', '10', 'MM'),
(250, 171810248, 'ARMAN DARMAWAN', '10', 'MM'),
(251, 171810249, 'AULIA YUGANANDA PUTRI', '10', 'MM'),
(252, 171810250, 'AURA PUTRI', '10', 'MM'),
(253, 171810251, 'AYU KHUSNUL HAYATI', '10', 'MM'),
(254, 171810252, 'BAGUS REZA MOFIED', '10', 'MM'),
(255, 171810253, 'BIMA BAGUS AJI PRAKOSO', '10', 'MM'),
(256, 171810254, 'BIMASAKTI SATRIA ADI NUGRAHA', '10', 'MM'),
(257, 171810255, 'DAVID WIJAYA', '10', 'MM'),
(258, 171810256, 'DHANA DWI PRAYOGO ', '10', 'MM'),
(259, 171810258, 'INTAN PERMATA SARI', '10', 'MM'),
(260, 171810259, 'MARGARETH TASYA SRI REZEKI', '10', 'MM'),
(261, 171810260, 'MOCHAMMAD FIKRY ABIMANYU ', '10', 'MM'),
(262, 171810263, 'MUHAMAD IBNU FAHRIZAL YUNUS', '10', 'MM'),
(263, 171810261, 'MUHAMMAD BINTANG RIZQAN FAIDH KUNCORO', '10', 'MM'),
(264, 171810262, 'MUHAMMAD FAUZUL HANIF', '10', 'MM'),
(265, 171810264, 'MUHAMMAD ISRA AWALUDDIN ', '10', 'MM'),
(266, 171810265, 'MUHAMMAD NAUFAL DAFFA PRATAMA', '10', 'MM'),
(267, 171810266, 'MUHAMMAD RAFI NAUFAL', '10', 'MM'),
(268, 171810267, 'MUTIARA NOVIYANTI', '10', 'MM'),
(269, 171810268, 'PASKAHRIA THERESIA AMEHAT NASUTION', '10', 'MM'),
(270, 171810269, 'RIFKY RAMADHAN NOOR', '10', 'MM'),
(271, 171810270, 'RINI WIDYA', '10', 'MM'),
(272, 171810271, 'SAHARANI ANISA', '10', 'MM'),
(273, 171810272, 'SURYA AZIZ PANDUKESUMA', '10', 'MM'),
(274, 171810273, 'ALVIA ZAHRA NURZAMAN', '10', 'MM'),
(275, 171810274, 'AMRU AHMAD NAUFAL', '10', 'MM'),
(276, 171810275, 'ANANDA MUTHIA PUTRI', '10', 'MM'),
(277, 171810276, 'AQILLA ZIKRYANSYAH', '10', 'MM'),
(278, 171810277, 'ARDILA SHINTIA HARUN ', '10', 'MM'),
(279, 171810278, 'ARYANSYAH', '10', 'MM'),
(280, 171810304, 'BUNGA SYIFA AZMI', '10', 'MM'),
(281, 171810279, 'CAHYA FITRIA PUTRI ANANDA', '10', 'MM'),
(282, 171810280, 'DIVA AZZAHRA', '10', 'MM'),
(283, 171810282, 'FARIS KHAIRUDDIN', '10', 'MM'),
(284, 171810283, 'GIEMMA MARCELA', '10', 'MM'),
(285, 171810284, 'HUSNUL KHOTIMAH', '10', 'MM'),
(286, 171810285, 'IRGA PRATAMA HASAN', '10', 'MM'),
(287, 171810286, 'JORDI SETIAWAN', '10', 'MM'),
(288, 171810287, 'MELINDA DWI LARASATI', '10', 'MM'),
(289, 171810288, 'MOCHAMAD RENAL REVANSYAH', '10', 'MM'),
(290, 171810289, 'MUHAMMAD ALFIAN PRAMONO', '10', 'MM'),
(291, 171810290, 'MUHAMMAD DAFFA IHSAN NUR AGUS', '10', 'MM'),
(292, 171810291, 'MUHAMMAD MAAJID SYAUQI', '10', 'MM'),
(293, 171810292, 'MUHAMMAD THARIQ KAHASRIAN ', '10', 'MM'),
(294, 171810293, 'PUTRI RAINA HERMANSYAH', '10', 'MM'),
(295, 171810294, 'RAKHA FARIZI', '10', 'MM'),
(296, 171810296, 'SEPTIAN ARIEF PERMANA', '10', 'MM'),
(297, 171810297, 'SLAMET RAMDHANI', '10', 'MM'),
(298, 171810298, 'SYAIFULLOH YUSUF', '10', 'MM'),
(299, 171810299, 'SYFA HANANIA', '10', 'MM'),
(300, 171810300, 'TAMADIETA BUNGA KINANTI', '10', 'MM'),
(301, 171810301, 'WIWIK RAHAYU NINGSIH', '10', 'MM'),
(302, 171810281, 'ZIDNY DZIKRIAN SYAH', '10', 'MM'),
(303, 161710001, 'ADAM NICO RASAKI', '11', 'SUITSING'),
(304, 161710282, 'ALIF PUTRA KUSUMA', '11', 'SUITSING'),
(305, 161710002, 'ALIFIAN ICHSAN AL-HAFIIZH', '11', 'SUITSING'),
(306, 161710254, 'AUDIA HASYIM', '11', 'SUITSING'),
(307, 161710003, 'BUNGA SALSABILA FADRIANT', '11', 'SUITSING'),
(308, 161710004, 'EKA SAPTA DWI HERDIE', '11', 'SUITSING'),
(309, 161710005, 'EVITA DWI PRASANTI', '11', 'SUITSING'),
(310, 161710006, 'FAIRUZ IZZATUL JANNAH', '11', 'SUITSING'),
(311, 161710009, 'MUHAMAD SADAM SURYANA', '11', 'SUITSING'),
(312, 161710007, 'MUHAMMAD ARIEF DZAKY', '11', 'SUITSING'),
(313, 161710010, 'RENDRA SYALADIN', '11', 'SUITSING'),
(314, 161710011, 'SAVIRA SETYO ANGGI DIAH PALUPI', '11', 'SUITSING'),
(315, 161710012, 'VANNY SURYA LORENZA', '11', 'SUITSING'),
(316, 161710013, 'YODI ALMAHERA', '11', 'SUITSING'),
(317, 161710014, 'ZACHRA BELLA NUR AFANTIA', '11', 'SUITSING'),
(318, 161710015, 'AFIF ZAINUL MUTAQIN', '11', 'TRANS'),
(319, 161710016, 'ANDIKA BACHRAIN PURNAWAN', '11', 'TRANS'),
(320, 161710017, 'ANDREAS SURYA ADI PUTRA HUTAPEA', '11', 'TRANS'),
(321, 161710018, 'AQZA ARAIEZA APRIO', '11', 'TRANS'),
(322, 161710019, 'ARIF RAHMAN SIDIQ', '11', 'TRANS'),
(323, 161710020, 'ARKANANTA', '11', 'TRANS'),
(324, 161710021, 'ASEP RAHAYU FADHILAH', '11', 'TRANS'),
(325, 161710022, 'BINTANG RAHMAT', '11', 'TRANS'),
(326, 161710023, 'DENIZLY FURQAN ANANDRIAN', '11', 'TRANS'),
(327, 161710024, 'HAFIDZ JAUHAR LAZUARDI', '11', 'TRANS'),
(328, 161710025, 'KHOMSATUN KHASANAH', '11', 'TRANS'),
(329, 161710026, 'MOHAMMAD HAFIDZ FADLUROHMAN', '11', 'TRANS'),
(330, 161710284, 'MUHAMAD INDRA PRASETYOJATI', '11', 'TRANS'),
(331, 161710088, 'MUHAMMAD RAKHA LAZUARDI', '11', 'TRANS'),
(332, 161710027, 'MUHAMMAD TAUFIK', '11', 'TRANS'),
(333, 161710028, 'NADYA NAFRADA', '11', 'TRANS'),
(334, 161710029, 'RIFKY AZHAR ADITYA', '11', 'TRANS'),
(335, 161710030, 'ADITYA PRASETYO', '11', 'TKJ'),
(336, 161710031, 'AFRIZAL ALPINO', '11', 'TKJ'),
(337, 161710032, 'ALTHAF HAQ DHAIFULLOH', '11', 'TKJ'),
(338, 161710033, 'ARMAN SHALEH HENDRAYANA', '11', 'TKJ'),
(339, 161710034, 'ARYA RIFQI PERMANA', '11', 'TKJ'),
(340, 161710035, 'ASRI NUR FAJAR RIANTI', '11', 'TKJ'),
(341, 161710036, 'AYU SEKAR INGRI SASELA PRAWOTO', '11', 'TKJ'),
(342, 161710037, 'BAGAS MELVIN PRAMUDYA', '11', 'TKJ'),
(343, 161710038, 'DAMAR EKA ARIANTO', '11', 'TKJ'),
(344, 161710039, 'DIMAS SETIAWAN', '11', 'TKJ'),
(345, 161710040, 'ERFIAN GUNAWAN SYAH', '11', 'TKJ'),
(346, 161710041, 'FANDHY ARDHANA SAPUTRA', '11', 'TKJ'),
(347, 161710042, 'FAQIH AHMAD NUGRAHA', '11', 'TKJ'),
(348, 161710043, 'FAUZI SYARIFULLOH DAYAT', '11', 'TKJ'),
(349, 161710044, 'GALIH RAKHA PERMANA', '11', 'TKJ'),
(350, 161710045, 'GREGORIUS ARMANDO MALVIN', '11', 'TKJ'),
(351, 161710046, 'HADIID SHAFF BALAD', '11', 'TKJ'),
(352, 161710047, 'MUHAIMIN RAFFI MARYATNO', '11', 'TKJ'),
(353, 161710048, 'MUHAMMAD ABI RAIHAN PRATAMA', '11', 'TKJ'),
(354, 161710049, 'MUHAMMAD ALDIO SYAFIKRI', '11', 'TKJ'),
(355, 161710050, 'MUHAMMAD ALFADI ARYONO', '11', 'TKJ'),
(356, 161710051, 'MUHAMMAD FATHAN HAFIZH', '11', 'TKJ'),
(357, 161710052, 'MUHAMMAD NOOR SEPTIANSYAH', '11', 'TKJ'),
(358, 161710053, 'MUHAMMAD RISKI FAUZAN', '11', 'TKJ'),
(359, 161710054, 'MUHAMMAD SADAD', '11', 'TKJ'),
(360, 161710055, 'MUHAMMAD TAUFIKURRIAN', '11', 'TKJ'),
(361, 161710056, 'NALIANRIZKY EMIEL NISYA FAIZ ARKANA', '11', 'TKJ'),
(362, 161710057, 'NESSA AFRAVIE SEPHIA', '11', 'TKJ'),
(363, 161710058, 'NILA SARI PUSPITA PUTRI', '11', 'TKJ'),
(364, 161710059, 'RAFLI FADILLA', '11', 'TKJ'),
(365, 161710060, 'RHAMDHAN WAHYUNINGRAT', '11', 'TKJ'),
(366, 161710061, 'RIZKI ADITYA', '11', 'TKJ'),
(367, 161710062, 'RIZKY HERMAWAN', '11', 'TKJ'),
(368, 161710063, 'SAIFUL ANWAR', '11', 'TKJ'),
(369, 161710064, 'TSARA NUHATANIA ARDANI', '11', 'TKJ'),
(370, 161710065, 'VERDY BUDIYONO', '11', 'TKJ'),
(371, 161710066, 'ADELIA DWI WULANDARI', '11', 'TKJ'),
(372, 161710067, 'AHMAD LIGAR ERMANDO', '11', 'TKJ'),
(373, 161710068, 'ALVIN BAGAS OCTAVIANDI', '11', 'TKJ'),
(374, 161710069, 'ARESH KURNIAWAN', '11', 'TKJ'),
(375, 161710070, 'ARIEF WIBOWO MUKTI', '11', 'TKJ'),
(376, 161710071, 'ASTUTI KOMARIAH', '11', 'TKJ'),
(377, 161710072, 'DHIMAS RAHMAD DHANY', '11', 'TKJ'),
(378, 161710073, 'DIAS LUSTIAR', '11', 'TKJ'),
(379, 161710074, 'FAIZ MUHAMMAD', '11', 'TKJ'),
(380, 161710075, 'FAKHRI FEBRIANSYAH', '11', 'TKJ'),
(381, 161710076, 'FARISYAH HAFEEZ ADITYA', '11', 'TKJ'),
(382, 161710077, 'FIFI NURUL RAHMAN', '11', 'TKJ'),
(383, 161710078, 'GALANG HENDRAWAN', '11', 'TKJ'),
(384, 161710079, 'HAYKELWICKY AL-RIZKY', '11', 'TKJ'),
(385, 161710080, 'JEFANYA SEKAR CHRISTINA', '11', 'TKJ'),
(386, 161710081, 'KARTIKA DWI ANDHINI', '11', 'TKJ'),
(387, 161710082, 'MUFID KURNIA', '11', 'TKJ'),
(388, 161710083, 'MUHAMAD ADITYO PRATAMA', '11', 'TKJ'),
(389, 161710084, 'MUHAMMAD AGUS WIDIYANTO AL-INGSAN', '11', 'TKJ'),
(390, 161710085, 'MUHAMMAD AIMAR RACHMAN', '11', 'TKJ'),
(391, 161710086, 'MUHAMMAD IQBAL', '11', 'TKJ'),
(392, 161710087, 'MUHAMMAD RAFI JUARDI', '11', 'TKJ'),
(393, 161710089, 'MUHAMMAD SAMAN', '11', 'TKJ'),
(394, 161710090, 'MUHAMMAD YAHYA DIMAS ADITYA', '11', 'TKJ'),
(395, 161710091, 'NOVYAN SUWANDI', '11', 'TKJ'),
(396, 161710092, 'PRAYOGA ELWINSYAH PUTRA', '11', 'TKJ'),
(397, 161710093, 'REZA NUR ILLAHI', '11', 'TKJ'),
(398, 161710094, 'RIFAT WANRI RAMADHAN', '11', 'TKJ'),
(399, 161710095, 'RIZAL DWI ARTANTO', '11', 'TKJ'),
(400, 161710096, 'RIZKY ALFIANSYAH', '11', 'TKJ'),
(401, 161710097, 'SATRIO WIBOWO', '11', 'TKJ'),
(402, 161710098, 'SYAM ALFARIZKI', '11', 'TKJ'),
(403, 161710099, 'THUBAGUS GHINANJAR SEPTIANA', '11', 'TKJ'),
(404, 161710100, 'YOGA ARYO BAGASKORO', '11', 'TKJ'),
(405, 161710101, 'YUDHA PRAMUDIA PRATAMA', '11', 'TKJ'),
(406, 161710102, 'ADINDA PERMANA PUTRA', '11', 'TKJ'),
(407, 161710103, 'AHMAD ALWI FARIQ', '11', 'TKJ'),
(408, 161710104, 'AKBAR NUR ICHFAN', '11', 'TKJ'),
(409, 161710105, 'AKHMAD ALI SAPUTRA', '11', 'TKJ'),
(410, 161710106, 'ALFIUDDIN HIDAYAT', '11', 'TKJ'),
(411, 161710107, 'ANJAS FERNANDI PRAMANA', '11', 'TKJ'),
(412, 161710108, 'DIMAS SURYA DILANA', '11', 'TKJ'),
(413, 161710109, 'DIONISIUS MAKOTANO', '11', 'TKJ'),
(414, 161710110, 'ERIE SUDEWO', '11', 'TKJ'),
(415, 161710111, 'FARA JUHANA', '11', 'TKJ'),
(416, 161710112, 'FARKHAN', '11', 'TKJ'),
(417, 161710113, 'FIGO TIMOTI NELWAN', '11', 'TKJ'),
(418, 161710114, 'FIRMAN FERDIAN', '11', 'TKJ'),
(419, 161710115, 'GHIFARI ADLIL BAQI', '11', 'TKJ'),
(420, 161710116, 'HILMI ARBANI', '11', 'TKJ'),
(421, 161710117, 'ILHAM BINTANG DRAJAT', '11', 'TKJ'),
(422, 161710118, 'KHAFIFA NUR PRATIWI', '11', 'TKJ'),
(423, 161710119, 'MIFTAH NURZANAH', '11', 'TKJ'),
(424, 161710120, 'MOHAMAD RAFLI DWITAMA', '11', 'TKJ'),
(425, 161710121, 'MUDHIAH SAUMI NUR PRASETYO', '11', 'TKJ'),
(426, 161710127, 'MUHAMAD RIZKI IFRA', '11', 'TKJ'),
(427, 161710123, 'MUHAMMAD ALIF ABDURAHMAN', '11', 'TKJ'),
(428, 161710124, 'MUHAMMAD DHIMAS SANJAYA', '11', 'TKJ'),
(429, 161710126, 'MUHAMMAD RAMADHAN', '11', 'TKJ'),
(430, 161710129, 'PUTRI ELVIRA PRADINA', '11', 'TKJ'),
(431, 161710130, 'RAFI NURSHABHI', '11', 'TKJ'),
(432, 161710131, 'RICO CHANDRA', '11', 'TKJ'),
(433, 161710132, 'RIZKI FADHILAH MUHAMMAD HABIBI', '11', 'TKJ'),
(434, 161710133, 'RIZKY NURBANI', '11', 'TKJ'),
(435, 161710137, 'SAFIRA ANGGRAINI IRAWAN', '11', 'TKJ'),
(436, 161710134, 'SANDI GUNAWAN', '11', 'TKJ'),
(437, 161710135, 'SANTIKA KUSUMA WARDHANI', '11', 'TKJ'),
(438, 161710136, 'SINGGIH WICAKSONO', '11', 'TKJ'),
(439, 161710138, 'VEYGA BUDI FIRSTIAN', '11', 'TKJ'),
(440, 161710139, 'ZULFA ARDAN PRATAMA', '11', 'TKJ'),
(441, 161710140, 'ACHMAD DHARMA YUDHA', '11', 'RPL'),
(442, 161710141, 'AHMAD ZAKIY FATTAH', '11', 'RPL'),
(443, 161710142, 'AJI AULIA FIKRI', '11', 'RPL'),
(444, 161710143, 'AKBAR FADILAH RAMADHAN', '11', 'RPL'),
(445, 161710144, 'ALIFATULLOH ZAIDAN', '11', 'RPL'),
(446, 161710145, 'ANGGER DANINGRAT', '11', 'RPL'),
(447, 161710146, 'ARISTIO PAMUNGKAS', '11', 'RPL'),
(448, 161710147, 'AT TARIK NUR HIDAYATULLAH', '11', 'RPL'),
(449, 161710148, 'BINTANG MAHAR PUTRA', '11', 'RPL'),
(450, 161710149, 'CITRA AYU NINGSIH', '11', 'RPL'),
(451, 161710150, 'DENI JUHANA', '11', 'RPL'),
(452, 161710151, 'DIO PUTRO PANUNTUN', '11', 'RPL'),
(453, 161710152, 'DUTA PUTRA WIBAWA', '11', 'RPL'),
(454, 161710153, 'ERIN YULIA', '11', 'RPL'),
(455, 161710154, 'FARID IRFAN DWISANTOSO', '11', 'RPL'),
(456, 161710155, 'FARIZ AHMAD BERLIAN ZULFIKRI', '11', 'RPL'),
(457, 161710156, 'HASBIALLAH PUTRA PRATAMA', '11', 'RPL'),
(458, 161710157, 'JOHAN SUTEJA', '11', 'RPL'),
(459, 161710158, 'KEVIN RIZKY SAKTI RAMADHAN', '11', 'RPL'),
(460, 161710160, 'MUHAMMAD ARIO LUTHFIANTO', '11', 'RPL'),
(461, 161710161, 'MUHAMMAD DAFFA ABYANTARA', '11', 'RPL'),
(462, 161710162, 'MUHAMMAD PUTRA NAUFAL', '11', 'RPL'),
(463, 161710163, 'NAUFAL FAZZA HAFIYYANZAH', '11', 'RPL'),
(464, 161710165, 'NIZAR NAUFAL', '11', 'RPL'),
(465, 161710166, 'RAEHAN AFRIZAL WICAKSONO', '11', 'RPL'),
(466, 161710167, 'RAFI HIBATULLAH ALMATIN', '11', 'RPL'),
(467, 161710168, 'RIZKY ADRIYANTO', '11', 'RPL'),
(468, 161710169, 'SHIFA INTARI ILMI', '11', 'RPL'),
(469, 171811304, 'SURYANI RISTAWATI MANURUNG', '11', 'RPL'),
(470, 161710170, 'SYARIF NURHIDAYAH', '11', 'RPL'),
(471, 161710171, 'SYIFA MUTIARA DIKO PUTRI', '11', 'RPL'),
(472, 161710172, 'TARISA HANI PUTRI', '11', 'RPL'),
(473, 161710173, 'VERA ERLITA', '11', 'RPL'),
(474, 161710174, 'VIVI NUR UTAMI', '11', 'RPL'),
(475, 161710175, 'ZIDANURAHMAN', '11', 'RPL'),
(476, 161710176, 'ACHMAD HIDAYAT JASIR', '11', 'MM'),
(477, 161710177, 'ADELLA WINDY BERLIANA', '11', 'MM'),
(478, 161710178, 'ALIFAH ASOF PRASASTI', '11', 'MM'),
(479, 161710179, 'AMALIA NOVIYANTI', '11', 'MM'),
(480, 161710180, 'ANDI RAMADHANI', '11', 'MM'),
(481, 161710181, 'ANGGA DWI MAULANA', '11', 'MM'),
(482, 161710182, 'ANITA RAHAYU PUTRI', '11', 'MM'),
(483, 161710183, 'ANUNG PAMUNGKAS', '11', 'MM'),
(484, 161710184, 'ARUM OKTAVIANI', '11', 'MM'),
(485, 161710185, 'AZZAHRA ZUFA', '11', 'MM'),
(486, 161710186, 'BAGAS BAGUS KURNIAWAN', '11', 'MM'),
(487, 161710187, 'CHANDRA RIZKY RAMADHAN', '11', 'MM'),
(488, 161710188, 'DEVI CAHYA SUSILOWATI', '11', 'MM'),
(489, 161710190, 'DUTA FARIS AZKA', '11', 'MM'),
(490, 161710191, 'FACHRY WALFATHIKA', '11', 'MM'),
(491, 161710192, 'FARADINA AMALIA ZAHRA', '11', 'MM'),
(492, 161710193, 'HAIDAR ALI ', '11', 'MM'),
(493, 161710194, 'LUTHFIYATI SALSABILA', '11', 'MM'),
(494, 161710195, 'MOHAMMAD HATTA', '11', 'MM'),
(495, 161710196, 'MOUZA ZACHROIVA', '11', 'MM'),
(496, 161710197, 'MUHAMMAD BAYU TIRTA FIRDAUS', '11', 'MM'),
(497, 161710199, 'MUHAMMAD HABIB FADILAH', '11', 'MM'),
(498, 161710200, 'MUHAMMAD IRSYAD ARKAN', '11', 'MM'),
(499, 171811303, 'MUHAMMAD NUR RAMDHANI', '11', 'MM'),
(500, 161710201, 'MUHAMMAD YUDDA ADRIANTO', '11', 'MM'),
(501, 161710202, 'NABILLA DWI RAHAYU', '11', 'MM'),
(502, 161710203, 'PIPIN YOGA ARYA PRATAMA', '11', 'MM'),
(503, 161710205, 'RIFKA NADILA DAMAYANTI', '11', 'MM'),
(504, 161710206, 'RIVAN FADLAN QANDANA', '11', 'MM'),
(505, 161710207, 'RIZKY MUCHTAR', '11', 'MM'),
(506, 161710208, 'ROFAIL AINUL HAYAT SUTAN MARADJO', '11', 'MM'),
(507, 161710209, 'ROMZAH', '11', 'MM'),
(508, 161710210, 'SILVI OCTAVIANI', '11', 'MM'),
(509, 161710211, 'SITI AISYAH', '11', 'MM'),
(510, 161710212, 'ABELLIA RAIHAN THAHIRRA', '11', 'MM'),
(511, 161710213, 'ADITYA AUVINO HAKIM', '11', 'MM'),
(512, 161710214, 'AGUNG MUHAMAD RIZKI', '11', 'MM'),
(513, 161710215, 'ALVINA RETNO WARDHANI', '11', 'MM'),
(514, 161710216, 'ANDHIKA RAGA YODANI', '11', 'MM'),
(515, 161710217, 'ANGGITA ISMAWANTI', '11', 'MM'),
(516, 161710218, 'ARASYA SALSHABILA MARLIEF', '11', 'MM'),
(517, 161710219, 'ARIEF FARHANNAIL', '11', 'MM'),
(518, 161710220, 'ATHALLAH KHAIRUL FAKHRI', '11', 'MM'),
(519, 161710221, 'DESY ARISANTI', '11', 'MM'),
(520, 161710222, 'DHEA SELFINA DASFE FENDRI', '11', 'MM'),
(521, 161710223, 'DHIMAS ADITYA PRATAMA', '11', 'MM'),
(522, 161710224, 'DWI LESTARI AYUNINGSIH', '11', 'MM'),
(523, 161710225, 'ELISA ANANDA PASARIBU', '11', 'MM'),
(524, 161710226, 'FIKRI ALWAN ALFARIZI', '11', 'MM'),
(525, 161710227, 'HAFIZ ATA RIDA', '11', 'MM'),
(526, 161710228, 'KAMIL KUSMARTOPO EKA JATI', '11', 'MM'),
(527, 161710229, 'MAWAR PRATIWI', '11', 'MM'),
(528, 161710230, 'MIKAEL ZIDANE ALVIN RAMADIAN', '11', 'MM'),
(529, 161710231, 'MUHAMMAD LINGGA PRIAMITRA', '11', 'MM'),
(530, 161710232, 'MUHAMMAD RENALDI TAQWA RAHMAN', '11', 'MM'),
(531, 161710233, 'MUHAMMAD RIFALDI', '11', 'MM'),
(532, 161710234, 'M. RIFKHAN ALFARUQY', '11', 'MM'),
(533, 161710235, 'MUHAMAD RIFKI', '11', 'MM'),
(534, 161710236, 'MUHAMMAD SHAHIZIDAN FADAR ', '11', 'MM'),
(535, 161710237, 'PRIMADYA RAMANOVA GRASBIYONO', '11', 'MM'),
(536, 161710238, 'RAFINA AINI FAKHRIYYAH NUR AZZAH', '11', 'MM'),
(537, 161710239, 'RAFLI JANESIA ARSYAM', '11', 'MM'),
(538, 161710240, 'RAIFATUL FIKRIAH', '11', 'MM'),
(539, 161710241, 'RAZHKI RIVA KRIESHANDI', '11', 'MM'),
(540, 161710242, 'RIKA NUR RAHMAWATI', '11', 'MM'),
(541, 161710243, 'SANDY ELIEZER GULTOM', '11', 'MM'),
(542, 161710244, 'SITI DELIANA SYAPUTRI', '11', 'MM'),
(543, 161710245, 'STEFANNY WANDA AGYSCHA', '11', 'MM'),
(544, 161710246, 'WAHYU AGUNG NUGROHO', '11', 'MM'),
(545, 161710247, 'ZACKI IKHWAN RAMADHANIE', '11', 'MM'),
(546, 161710248, 'ADELA PARAHITA NISMARA', '11', 'MM'),
(547, 161710249, 'ADNAN BAGUS FAHADILLAH', '11', 'MM'),
(548, 161710250, 'AMELIA TRI LESTARI', '11', 'MM'),
(549, 161710251, 'ANASTASIA SEVRIA ANGELIA', '11', 'MM'),
(550, 161710252, 'ANDI AKBAR YAMAICHI', '11', 'MM'),
(551, 161710253, 'ANDREW MUHAMMAD IQBAL', '11', 'MM'),
(552, 161710255, 'AYU APRIYANI', '11', 'MM'),
(553, 161710256, 'CITRA NAULIA SIMAMORA', '11', 'MM'),
(554, 161710257, 'DENIS RAMADHAN', '11', 'MM'),
(555, 161710258, 'DENISA RETNO FITRIANI', '11', 'MM'),
(556, 161710259, 'DESNA DWI PURWANTI', '11', 'MM'),
(557, 161710260, 'DINDA RACHMAWATI', '11', 'MM'),
(558, 161710261, 'EKA DELIANA PUTRI', '11', 'MM'),
(559, 161710262, 'FINKA PRILSYA AULIA', '11', 'MM'),
(560, 161710263, 'ICKSANTO DESTA YUDA RAMADANI', '11', 'MM'),
(561, 161710285, 'MAYLINA MIFTAHUL HASANAH', '11', 'MM'),
(562, 161710265, 'MAZZURA RINJANI', '11', 'MM'),
(563, 161710266, 'MOCHAMAD VIQKY ALAMSYAH', '11', 'MM'),
(564, 161710268, 'MUHAMMAD ABIDZAR SAEFURRACHMAN', '11', 'MM'),
(565, 161710269, 'MUHAMMAD RIFKI SUTRISNO', '11', 'MM'),
(566, 161710270, 'MUHAMMAD RIZQI MAULANA', '11', 'MM'),
(567, 161710271, 'RAZZAQ FAIZ AKMAL', '11', 'MM'),
(568, 161710272, 'RETSA ANNISA PRATIWI', '11', 'MM'),
(569, 161710273, 'RIFDAH DHIA SALSABILA', '11', 'MM'),
(570, 161710274, 'RIFKY APRIALDY PUTRA', '11', 'MM'),
(571, 161710275, 'SADAM PUTRA WICAKSONO', '11', 'MM'),
(572, 161710276, 'SEPTIAN DARVIN DJAMIK', '11', 'MM'),
(573, 161710277, 'SITI NABILLAH', '11', 'MM'),
(574, 161710278, 'SRI WAHYUNI', '11', 'MM'),
(575, 161710279, 'VIRGIAWAN SISWANTO', '11', 'MM'),
(576, 161710280, 'WIBBY NANDA SAPUTRA', '11', 'MM'),
(577, 161710281, 'YUDHA PRASETYA HUKOM', '11', 'MM'),
(578, 151610001, 'ABDURRAHMAN AL TSAANI', '12', 'SUITSING'),
(579, 151610002, 'ADIB AKBAR IZLAL', '12', 'SUITSING'),
(580, 151610003, 'AKHMAD RIDHO SETIAWAN', '12', 'SUITSING'),
(581, 151610004, 'BIFANI MADJATITO', '12', 'SUITSING'),
(582, 151610005, 'FAKHRY IBNU SURYANA', '12', 'SUITSING'),
(583, 151610007, 'KIARA NAYOLIA', '12', 'SUITSING'),
(584, 151610008, 'MOCHAMAD KEVIN ALFYSYACHRIN', '12', 'SUITSING'),
(585, 151610009, 'MUHAMMAD ABDIKA DZIL IKRAM WIRHADI', '12', 'SUITSING'),
(586, 151610010, 'MUHAMMAD FACHRY HARIADI', '12', 'SUITSING'),
(587, 151610011, 'MUHAMMAD FAISHAL FARRAS', '12', 'SUITSING'),
(588, 151610012, 'PANDU AULIA NOER', '12', 'SUITSING'),
(589, 151610015, 'REZA FIRMANSYAH', '12', 'SUITSING'),
(590, 151610014, 'RIO ANDDIKA', '12', 'SUITSING'),
(591, 151610016, 'ULFA KARLINA', '12', 'SUITSING'),
(592, 151610017, 'ADIE SUBARKAH', '12', 'TRANS'),
(593, 151610018, 'AHMAD ZA EIM ARSYAD', '12', 'TRANS'),
(594, 151610019, 'ALVIAN ADITIRA PRATAMA', '12', 'TRANS'),
(595, 151610020, 'ANDI ANGGARA PUTRA', '12', 'TRANS'),
(596, 151610021, 'DEVI SAMAWATI CAHYANINGRUM', '12', 'TRANS'),
(597, 151610022, 'DIMAS FEBRIYANTO', '12', 'TRANS'),
(598, 151610023, 'FADLILAH BIDARI JANNATI', '12', 'TRANS'),
(599, 151610024, 'GHINA AULIANNISA RAMANDA', '12', 'TRANS'),
(600, 151610025, 'GUSTI SURYA MAHARDIKA', '12', 'TRANS'),
(601, 151610026, 'INTAN SEPTI NURHIDAYAH', '12', 'TRANS'),
(602, 151610027, 'IVAN MAULANA FERDIANSYAH', '12', 'TRANS'),
(603, 151610028, 'MOCHAMAD FARHAN', '12', 'TRANS'),
(604, 151610029, 'MOHAMAD EKA SAPUTRA', '12', 'TRANS'),
(605, 151610030, 'MOHAMMAD MAHEZA BASKARA', '12', 'TRANS'),
(606, 151610031, 'MUHAMMAD RIFAI', '12', 'TRANS'),
(607, 151610032, 'NIMAS AYU PRAHASTIWI', '12', 'TRANS'),
(608, 151610033, 'PANJI BALA DEWA', '12', 'TRANS'),
(609, 151610034, 'RIZQI ANANDA', '12', 'TRANS'),
(610, 151610037, 'SILVIA DEWANDA', '12', 'TRANS'),
(611, 151610071, 'ABDUL HAKIM INDRAWAN', '12', 'TKJ'),
(612, 151610073, 'ADELIA ANDINI', '12', 'TKJ'),
(613, 151610138, 'AHMAD JAFAR SADIQ', '12', 'TKJ'),
(614, 151610140, 'ALYA FANNY DARMAWAN', '12', 'TKJ'),
(615, 151610040, 'AMALUL ARIFIN ARRAFI', '12', 'TKJ'),
(616, 151610107, 'ANDYKA IMANUEL SITEPU', '12', 'TKJ'),
(617, 151610041, 'ARIF WIDAYANA', '12', 'TKJ'),
(618, 151610078, 'ARLEN MARDHINATA SUBASTIAN ', '12', 'TKJ'),
(619, 151610111, 'DHANY MAULANA SUPRIADI', '12', 'TKJ'),
(620, 151610143, 'DIAS DWIPA NUGRAHA', '12', 'TKJ'),
(621, 151610079, 'DICKY REVAN PANGESTU', '12', 'TKJ'),
(622, 151610112, 'DIMAS MULYA PRATAMA', '12', 'TKJ'),
(623, 151610047, 'ESA PUTRA', '12', 'TKJ'),
(624, 151610146, 'FADHILAH ISMAIL', '12', 'TKJ'),
(625, 151610116, 'HANIF MUGOFIRUL HUDA', '12', 'TKJ'),
(626, 151610052, 'IRVAN BAGUS SURYANA', '12', 'TKJ'),
(627, 151610057, 'MARIA GORETTI MARULINA', '12', 'TKJ'),
(628, 151610058, 'MOHAMAD ARI ALFIAN', '12', 'TKJ'),
(629, 151610152, 'MOHAMMAD INDRA FACHRULROZY', '12', 'TKJ'),
(630, 151610089, 'MUHAMMAD NAUFAL HUMAM FAUZAN', '12', 'TKJ'),
(631, 151610091, 'MUHAMMAD RAFLYKA AHADI', '12', 'TKJ'),
(632, 151610062, 'MUHAMMAD RAIHAN ALGHANY', '12', 'TKJ'),
(633, 151610123, 'MUHAMMAD RIZKI SYAUMI', '12', 'TKJ'),
(634, 151610124, 'MUHAMMAD SYAUKAT ALI', '12', 'TKJ'),
(635, 151610125, 'MUQOROBIN ZAELANI', '12', 'TKJ'),
(636, 151610127, 'NABILA KHAIRUNISSA', '12', 'TKJ'),
(637, 151610156, 'NIKKO ESA PERDANA', '12', 'TKJ'),
(638, 151610098, 'RAFLI NAUFAL', '12', 'TKJ'),
(639, 151610130, 'REVALDO', '12', 'TKJ'),
(640, 151610066, 'RIFQI KHAERUL RAHMAN', '12', 'TKJ'),
(641, 151610166, 'TOMI FADILAH FARHAN', '12', 'TKJ'),
(642, 151610135, 'VIAR ARYA DHITA', '12', 'TKJ'),
(643, 151610072, 'ADAM ABDURRASYID BAHREIN', '12', 'TKJ'),
(644, 151610104, 'ADHITYA REISKI ALDAFA GUMAY', '12', 'TKJ'),
(645, 151610038, 'AGUNG RAHMAT LAKSONO', '12', 'TKJ'),
(646, 151610075, 'ALDYTH YUDHISTIRA DARMAWAN', '12', 'TKJ'),
(647, 151610043, 'BAGUS DANUKUSUMO', '12', 'TKJ'),
(648, 151610142, 'BIMA PUTRA PRIYANA', '12', 'TKJ'),
(649, 151610046, 'DIMAS VAREL PRISMANDITO', '12', 'TKJ'),
(650, 151610080, 'DZAKIR ABDUL HAFIZH', '12', 'TKJ'),
(651, 151610114, 'FAKHRI NAUFAL FADHLURRAHMAN', '12', 'TKJ'),
(652, 151610083, 'GHAZALI AULIA MOINORI', '12', 'TKJ'),
(653, 151610149, 'HAFIDZ NUR HIKMAHT', '12', 'TKJ'),
(654, 151610050, 'HELMY FAUZAN DWINANTO', '12', 'TKJ'),
(655, 151610051, 'HILMY FADLILLAH YORI', '12', 'TKJ'),
(656, 151610119, 'MUHAMAD GALIH', '12', 'TKJ'),
(657, 151610059, 'MUHAMMAD ABIDIN', '12', 'TKJ'),
(658, 151610153, 'MUHAMMAD AMINULLAH IBRAHIM', '12', 'TKJ'),
(659, 151610061, 'MUHAMMAD ARIEF SATRIAJI', '12', 'TKJ'),
(660, 151610122, 'MUHAMMAD FAKHRI AZIZ', '12', 'TKJ'),
(661, 151610092, 'MUHAMMAD RAUL FADILLA', '12', 'TKJ'),
(662, 151610155, 'MUHAMAD RIZKI WALUYO', '12', 'TKJ'),
(663, 151610131, 'RIFQI MAULANA SAPUTRA', '12', 'TKJ'),
(664, 151610067, 'RISMA SETYO WATI', '12', 'TKJ'),
(665, 151610133, 'RIZKY RISHANDY BUWANA', '12', 'TKJ'),
(666, 151610101, 'SHAHNAZ ISNAYNI', '12', 'TKJ'),
(667, 151610163, 'TAUFIQ FITRIAWAN', '12', 'TKJ'),
(668, 151610165, 'THEOFILUS SURYA ADI', '12', 'TKJ'),
(669, 151610102, 'WIRA RISKY SAPTAJI', '12', 'TKJ'),
(670, 151610069, 'WULAN ASTIANI PUTRI', '12', 'TKJ'),
(671, 151610103, 'YUNIAR PAMA', '12', 'TKJ'),
(672, 151610136, 'YUSUF SYAMPUTRA', '12', 'TKJ'),
(673, 151610137, 'ADINDA TUBAGUS ABDUL RAHMAN', '12', 'TKJ'),
(674, 151610039, 'ALWI SIKAM', '12', 'TKJ'),
(675, 151610076, 'ANANDA ICHLAS AKBARI', '12', 'TKJ'),
(676, 151610106, 'ANDHIKA PUTRATAMA', '12', 'TKJ'),
(677, 151610109, 'ARIEF FAHREZI', '12', 'TKJ'),
(678, 151610074, 'AZRI AMRIMA PUTRA', '12', 'TKJ'),
(679, 151610044, 'BOY KANANDA', '12', 'TKJ'),
(680, 151610144, 'DIMAS NURSAPUTRA', '12', 'TKJ'),
(681, 151610145, 'EKO ADI PRASETYO', '12', 'TKJ'),
(682, 151610147, 'FAHMI HUSSEINI', '12', 'TKJ'),
(683, 151610082, 'FAREL ERLAN DIRGANTARA', '12', 'TKJ'),
(684, 151610048, 'FIKRI ALDIANA SAPUTRA', '12', 'TKJ'),
(685, 151610053, 'JOVAN AULLY PRABU', '12', 'TKJ'),
(686, 151610054, 'LEONARD BAWADI SILALAHI', '12', 'TKJ'),
(687, 151610086, 'LIDYA NOVITASARI', '12', 'TKJ'),
(688, 151610055, 'MALA VERINIA', '12', 'TKJ'),
(689, 151610056, 'MANUWASA FATWA SINDUGA CIAN CARAKA', '12', 'TKJ'),
(690, 151610121, 'MUHAMAD AL HADID SAPUTRO', '12', 'TKJ'),
(691, 151610093, 'MUHAMMAD RIZKI PRATAMA', '12', 'TKJ'),
(692, 151610126, 'MURSYIDAN FAUZI BANES', '12', 'TKJ'),
(693, 151610095, 'NIA SAGITA', '12', 'TKJ'),
(694, 151610097, 'NURIL IZZATUL WAFA', '12', 'TKJ'),
(695, 151610157, 'PRATAMA ARIF HIDAYAT', '12', 'TKJ'),
(696, 151610065, 'RHAMA DANI PUTRA HERDIANSYAH', '12', 'TKJ'),
(697, 151610159, 'RIFKY RAMADHAN', '12', 'TKJ'),
(698, 151610132, 'RIMA ARDILA FITRI', '12', 'TKJ'),
(699, 151610068, 'SHAEBATUL HAMDI', '12', 'TKJ'),
(700, 151610162, 'SYAMIL AZAHRAN', '12', 'TKJ'),
(701, 151610164, 'TETI FRIDA NURLAILI', '12', 'TKJ'),
(702, 151610348, 'YANUAR FITRA ALFARISI', '12', 'TKJ'),
(703, 151610070, 'YUMARIS ALFI ALHILLAH', '12', 'TKJ'),
(704, 151610139, 'ALFIA MAILANI', '12', 'TKJ'),
(705, 151610105, 'ALKAF SUCIPTO', '12', 'TKJ'),
(706, 151610077, 'ARDA NOVENDRA', '12', 'TKJ'),
(707, 151610108, 'ARFAN HIDAYAT PRIYANTONO', '12', 'TKJ'),
(708, 151610042, 'ARYA DWI PUTRA', '12', 'TKJ'),
(709, 151610110, 'BONDAN ADRIAN APRIYANTO', '12', 'TKJ'),
(710, 151610045, 'DAMAR ZAKY MUHAMMAD', '12', 'TKJ'),
(711, 151610081, 'FAIZ RIZQULLAH NAUFAL AHMAD', '12', 'TKJ'),
(712, 151610115, 'FEBRI SASIAS', '12', 'TKJ'),
(713, 151610148, 'GATOT IBNU PRASETYO', '12', 'TKJ'),
(714, 151610049, 'GILANG MAHENDRA', '12', 'TKJ'),
(715, 151610084, 'HARDIAN ALKORI', '12', 'TKJ'),
(716, 151610117, 'HENNY WIDIA BRU GINTING', '12', 'TKJ'),
(717, 151610150, 'INDIE YUDHA PRAMUDYA', '12', 'TKJ'),
(718, 151610085, 'ISMAIL YUSRIL AZIZ', '12', 'TKJ'),
(719, 151610118, 'LUTFY FARISAL ARYANDI', '12', 'TKJ'),
(720, 151610087, 'MARIA QIBTIA', '12', 'TKJ'),
(721, 151610151, 'MOGA PURNAMA ASHARI', '12', 'TKJ'),
(722, 151610120, 'MUHAMMAD ADIYATMA ANDHIKA SURYANA', '12', 'TKJ'),
(723, 151610060, 'MUHAMMAD AKBAR AL FATIH', '12', 'TKJ'),
(724, 151610154, 'MUHAMMAD FRIZKI ALFIAN', '12', 'TKJ'),
(725, 151610094, 'MUHAMMAD SIDIQ PERMANA', '12', 'TKJ'),
(726, 151610096, 'NINDI MAULIA HAMIDAH', '12', 'TKJ'),
(727, 151610063, 'PEBI AVNOER HIDAYAT', '12', 'TKJ'),
(728, 151610064, 'PUTRI NATASYA RIYANTO', '12', 'TKJ'),
(729, 151610128, 'RAFIK KUSUMAH', '12', 'TKJ'),
(730, 151610129, 'RAHMAN AL IKHSAN', '12', 'TKJ'),
(731, 151610158, 'RIDWAN', '12', 'TKJ'),
(732, 151610099, 'RIEFKY AINUR RACHMAN', '12', 'TKJ'),
(733, 151610134, 'SEKAR ALIFAH', '12', 'TKJ'),
(734, 151610167, 'WAHYU SETIA PRATAMA', '12', 'TKJ'),
(735, 151610169, 'AFIF RIDHWAN FAUZI', '12', 'RPL'),
(736, 151610206, 'ALFI BELLA KURNIATI', '12', 'RPL'),
(737, 151610207, 'ALIFVIA NUR FITRI MEDIANA', '12', 'RPL'),
(738, 151610172, 'ANGGA RIZKI ALFIYANA', '12', 'RPL'),
(739, 151610173, 'ARIF RAHMAT HIDAYAT', '12', 'RPL'),
(740, 151610174, 'BILLISANY AKHYAR', '12', 'RPL'),
(741, 151610212, 'CAHYA KUSUMA', '12', 'RPL'),
(742, 151610177, 'FAUZIA RAHMA RAMADHANI', '12', 'RPL'),
(743, 151610214, 'FRANSISKUS LINUS ARDIYANTO', '12', 'RPL'),
(744, 151610349, 'FRITZIE AGASI', '12', 'RPL'),
(745, 151610215, 'HABEL RIANO RISSI', '12', 'RPL'),
(746, 151610180, 'HARIS AGUS NURAFFANDI', '12', 'RPL'),
(747, 151610183, 'ILSYA WULANDARI SETYAJI', '12', 'RPL'),
(748, 151610181, 'INASWINDA SARI', '12', 'RPL'),
(749, 151610184, 'INTAN EKY SAFIRA', '12', 'RPL'),
(750, 151610182, 'IRA MURTININGRUM', '12', 'RPL'),
(751, 151610186, 'MALHUSEN DARUHKAN', '12', 'RPL'),
(752, 151610217, 'MELLANI CAHYANI PUTRI', '12', 'RPL'),
(753, 151610218, 'MICHAEL GERIST CARILLO', '12', 'RPL'),
(754, 151610219, 'MILLENIA SAHARANI', '12', 'RPL'),
(755, 151610220, 'MOHAMMAD TEGAR', '12', 'RPL'),
(756, 151610187, 'MUHAMAD AMIRGA', '12', 'RPL'),
(757, 151610188, 'MUHAMMAD ALVI AWLIYA', '12', 'RPL'),
(758, 151610191, 'MUHAMMAD FAJRIANSYAH', '12', 'RPL'),
(759, 151610222, 'MUHAMMAD ISMAIL HADI', '12', 'RPL'),
(760, 151610193, 'MUTIARA SALSABILA', '12', 'RPL'),
(761, 151610195, 'PUTUT YUSRI BAHTIAR', '12', 'RPL'),
(762, 151610196, 'RAIHAN RAFSANJANI', '12', 'RPL'),
(763, 151610227, 'RAYI PUSPITA ANGGRAINI', '12', 'RPL'),
(764, 151610198, 'RISKA ANINDA PUSPITASARI', '12', 'RPL'),
(765, 151610228, 'RIZKI HERNAWAN WICAKSONO', '12', 'RPL'),
(766, 151610201, 'SAFIRA MAULIA', '12', 'RPL'),
(767, 151610232, 'SHENDY ADHYA PRATAMA', '12', 'RPL'),
(768, 151610233, 'STEPPHANUS MANURUNG', '12', 'RPL'),
(769, 151610238, 'VILLA MUKTI INDRIYANTO', '12', 'RPL'),
(770, 151610168, 'ADITYA DIMAS HARIONO', '12', 'RPL'),
(771, 151610204, 'ADITYA PRASETYO', '12', 'RPL'),
(772, 151610170, 'AFDRIAN JUARLIN', '12', 'RPL'),
(773, 151610205, 'AFIFATUL AZIZAH', '12', 'RPL'),
(774, 151610208, 'ALMEYDA PUTRA HERDIAN', '12', 'RPL'),
(775, 151610211, 'ANDINA RAHMA FITRI', '12', 'RPL'),
(776, 151610171, 'ANDREA JONATHAN', '12', 'RPL'),
(777, 151610209, 'ANGGA ALIFUDIN AL AKBAR', '12', 'RPL'),
(778, 151610210, 'ARIF ANDI PRIATAMA', '12', 'RPL'),
(779, 151610213, 'DANDY DWI NUGROHO', '12', 'RPL'),
(780, 151610175, 'DIMAS NATAWIRYA JAYA', '12', 'RPL'),
(781, 151610176, 'ELLYA RAHMANTI YUSUF', '12', 'RPL'),
(782, 151610178, 'FELMI PUTRA PRATAMA SUBANDI', '12', 'RPL'),
(783, 151610179, 'FERDIANSAH', '12', 'RPL'),
(784, 151610216, 'IRVAN YURI ANGGARA', '12', 'RPL'),
(785, 151610185, 'JODI ADRIAN', '12', 'RPL'),
(786, 151610223, 'MUHAMAD RAIHAN FAUZI', '12', 'RPL'),
(787, 151610189, 'MUHAMMAD ARIF HELMI', '12', 'RPL'),
(788, 151610221, 'MUHAMMAD FACHRI ANGGARA', '12', 'RPL'),
(789, 151610192, 'MUHAMMAD FAKHRI ALHAFIZH', '12', 'RPL'),
(790, 151610224, 'MUHAMMAD VAIZ FAUZAN', '12', 'RPL'),
(791, 151610194, 'NADYA AZZAHRA', '12', 'RPL'),
(792, 151610225, 'NUR CHOLIFAH MALDINI', '12', 'RPL'),
(793, 151610226, 'RACHMAT SYAEFULLAH', '12', 'RPL'),
(794, 151610197, 'REZA PUTRI', '12', 'RPL'),
(795, 151610199, 'RIO FACHRUDIN', '12', 'RPL'),
(796, 151610200, 'RIZKIE PERDANA PUTRA ARYANTO', '12', 'RPL'),
(797, 151610229, 'RIZKY AMELIA PUTRI', '12', 'RPL'),
(798, 151610230, 'RONNY KURNIA SANDI', '12', 'RPL'),
(799, 151610231, 'SAHARA ALMA JUWITA', '12', 'RPL'),
(800, 151610202, 'SILVIRA RIZQIANI', '12', 'RPL'),
(801, 151610234, 'SUNGGUL ADIREJA SIAHAAN', '12', 'RPL'),
(802, 151610235, 'SYIFA SALSABILA', '12', 'RPL'),
(803, 151610236, 'TEGUH ARDAMA', '12', 'RPL'),
(804, 151610237, 'UNNIKKE RAHMAWATI', '12', 'RPL'),
(805, 151610203, 'VINVIN ROFILAH NURBAETI', '12', 'RPL'),
(806, 151610274, 'ACHMAD SADDAM RAMALLA', '12', 'MM'),
(807, 151610239, 'ADITYA FIRNANDO', '12', 'MM'),
(808, 151610277, 'ALFIDA DWI ANGGRAENI', '12', 'MM'),
(809, 151610280, 'ARIEFIN AZAM BARI', '12', 'MM'),
(810, 151610317, 'ARUMNY ZAHROH', '12', 'MM'),
(811, 151610281, 'DAFFA NUR DZAKY', '12', 'MM'),
(812, 151610246, 'DEDE NAILUL HUDA', '12', 'MM'),
(813, 151610247, 'DEVITA SAVIRA SANIDA', '12', 'MM'),
(814, 151610282, 'DIAN TRESNA', '12', 'MM'),
(815, 151610320, 'ELVIANA YUANA YUMA', '12', 'MM'),
(816, 151610287, 'HANIFAH NUR HIDAYAH', '12', 'MM'),
(817, 151610253, 'HUWAIDA QONITAH', '12', 'MM'),
(818, 151610255, 'IWAN SETIAWAN', '12', 'MM'),
(819, 151610256, 'JOAN ATKIA ANINDA', '12', 'MM'),
(820, 151610325, 'JULOUIS HERMANUS', '12', 'MM'),
(821, 151610257, 'KENIK NURANGGRAENITA', '12', 'MM'),
(822, 151610326, 'LISTIANA FEBY SABILA', '12', 'MM'),
(823, 151610259, 'MUHAMMAD AGUNG DWI TJANDRA', '12', 'MM'),
(824, 151610330, 'MUHAMMAD HARIS IZZIL ISLAM', '12', 'MM'),
(825, 151610261, 'MUHAMMAD SUTAN FAKHRY', '12', 'MM'),
(826, 151610331, 'MYRA SAHEEFAH DAUDTRI', '12', 'MM'),
(827, 151610262, 'NANDA HIKMATUL BALIGHOH', '12', 'MM'),
(828, 151610263, 'NUR WIJAYANTI KUSUMA', '12', 'MM'),
(829, 151610297, 'PUTRI SYAYIDAR KAMAL', '12', 'MM'),
(830, 151610298, 'RAFII MUHAMMAD', '12', 'MM'),
(831, 151610335, 'RIDHO RAMADHAN', '12', 'MM'),
(832, 151610302, 'RIZKI FITRI AMALIA', '12', 'MM'),
(833, 151610303, 'RUTH ANANDA TASYA', '12', 'MM'),
(834, 151610266, 'RYDI NOER MUHAMMAD', '12', 'MM'),
(835, 151610338, 'SELLA OKTAVIA', '12', 'MM'),
(836, 151610339, 'SHAFA AULIA SALSABILLA', '12', 'MM'),
(837, 151610343, 'VANIA DINDA MARELLA', '12', 'MM'),
(838, 151610275, 'ADI PRAYITNO', '12', 'MM'),
(839, 151610276, 'ALDEVITA PUTRI DAMAYANTI', '12', 'MM'),
(840, 151610312, 'ALSI ALFIATI ROSYIDAH', '12', 'MM'),
(841, 151610316, 'ANNASTYA YUNTYA SALSABILLA', '12', 'MM'),
(842, 151610242, 'ATIKA PERDANA SAPUTRI', '12', 'MM'),
(843, 151610243, 'AULIA IVANKA RAHMANA', '12', 'MM'),
(844, 151610248, 'EKA RAHMAWATI', '12', 'MM'),
(845, 151610285, 'FADILAH AYUNINGSIH', '12', 'MM'),
(846, 151610286, 'GALIH NAUFAL PRATAMA', '12', 'MM'),
(847, 151610250, 'GHEA AMANDA PUTRI SIREGAR', '12', 'MM'),
(848, 151610251, 'HARI IRSYAD ANANDITA', '12', 'MM'),
(849, 151610322, 'HASAN PANDU WIYATA', '12', 'MM'),
(850, 151610323, 'HERLINA DHIYA RAMADHAN', '12', 'MM'),
(851, 151610254, 'IBNU KHATTAB', '12', 'MM'),
(852, 151610258, 'LIVIA DEVI OCTAVIANY', '12', 'MM'),
(853, 151610327, 'MELINA FEBIYANTI NIRMALA SARI', '12', 'MM'),
(854, 151610291, 'MOCHAMMAD RAFIE DHIA SETYAWAN', '12', 'MM'),
(855, 151610328, 'MUHAMMAD ARDONI JUNIAWAN', '12', 'MM'),
(856, 151610329, 'MUHAMMAD FARHAN MUTTAQIN', '12', 'MM'),
(857, 151610260, 'MUHAMMAD FAUZAN NURRAFLI', '12', 'MM'),
(858, 151610295, 'NUR MELINIA PRASTYO', '12', 'MM'),
(859, 151610299, 'RAHMA BELLA AULIA', '12', 'MM'),
(860, 151610300, 'RENDI SISWARA', '12', 'MM'),
(861, 151610267, 'SALSABILA AZIZA', '12', 'MM'),
(862, 151610337, 'SALSABILA PUTRI MORINA', '12', 'MM'),
(863, 151610304, 'SAPTYADY PRASETIYO', '12', 'MM'),
(864, 151610340, 'SOFY EKA NOVIYANTI', '12', 'MM'),
(865, 151610269, 'SYAHDAN RAMADHAN', '12', 'MM'),
(866, 151610307, 'TAUFIK MAULANA', '12', 'MM'),
(867, 151610270, 'TEUGES RACHMAT ALI', '12', 'MM'),
(868, 151610308, 'THANIA DESMALENA', '12', 'MM'),
(869, 151610273, 'WIWI OKTAVIANI', '12', 'MM'),
(870, 151610344, 'YAGA INDDYRA ADHI', '12', 'MM'),
(871, 151610309, 'ZULFA SALSABILA', '12', 'MM'),
(872, 151610240, 'AFIF KAHFI ARBI', '12', 'MM'),
(873, 151610310, 'ALDA DEA HIDAYAT', '12', 'MM'),
(874, 151610278, 'ALIEFIA ALMA VICHA SANTOSO', '12', 'MM'),
(875, 151610313, 'ALVIN ADITYA PRASETYO', '12', 'MM'),
(876, 151610314, 'AMALIA SEKAR KHAERUNISSA', '12', 'MM'),
(877, 151610315, 'ANDRI SETYO HERMAWAN', '12', 'MM'),
(878, 151610279, 'ARIE ANANDA PUTRA', '12', 'MM'),
(879, 151610244, 'CHANDRA FIRMANSYAH', '12', 'MM'),
(880, 151610318, 'DARMA PUTRA SATRIA', '12', 'MM'),
(881, 151610319, 'DIMAS ARYA HADI SYAHPUTRA', '12', 'MM'),
(882, 151610283, 'ELENA NOVITA PUTRI', '12', 'MM'),
(883, 151610284, 'EMIRA TASYA NABILA', '12', 'MM'),
(884, 151610249, 'FAIRUS NIMA HAYATI', '12', 'MM'),
(885, 151610321, 'FARIDAH NUR SYAFIYAH', '12', 'MM'),
(886, 151610252, 'HILMI RAVI UTAMI', '12', 'MM'),
(887, 151610324, 'HUSVITA MUHLI SARIDEWI', '12', 'MM'),
(888, 151610288, 'IMAN FIRMANSYAH MARUAPEY', '12', 'MM'),
(889, 151610289, 'JASMINE ROUFILA', '12', 'MM'),
(890, 151610290, 'LAUDZA KALMANY', '12', 'MM'),
(891, 151610292, 'MUHAMMAD FARIS ZARFHAN JARNAWI ALI', '12', 'MM'),
(892, 151610294, 'NOVIE ANGGI DEWANI PUTRI', '12', 'MM'),
(893, 151610332, 'NURJENAB SURYANA', '12', 'MM'),
(894, 151610264, 'PUTRI AULIA RAMADHAN', '12', 'MM'),
(895, 151610265, 'RANGGA AGUSTINA', '12', 'MM'),
(896, 151610333, 'RENITA INTAN DWIYANTI', '12', 'MM'),
(897, 151610301, 'RISTIQ FARIYANI QANAAH', '12', 'MM'),
(898, 151610336, 'RIVKA SULISTYANI', '12', 'MM'),
(899, 151610305, 'SHALSA APRI LAILI', '12', 'MM'),
(900, 151610268, 'SHINTA MEILIANINGRUM', '12', 'MM'),
(901, 151610306, 'SILVIA DAMAYANTI', '12', 'MM'),
(902, 151610341, 'TAUFAN BARI NAJMIINA SYAFIQ', '12', 'MM'),
(903, 151610342, 'TIVANI YULIASTIKA', '12', 'MM'),
(904, 151610271, 'TUBAGUS FAUZAN SYAHID', '12', 'MM'),
(905, 151610272, 'VIDIYA SRI ASTUTI', '12', 'MM'),
(906, 151610161, 'RIYADINNISSA RAHIM MA''RUF', '12', 'TKJ'),
(907, 151610141, 'ANNISA SYIFA''UN IQLIL AZZAHRA', '12', 'TKJ'),
(908, 171810257, 'IMAM MA''RUF ARIFIN', '10', 'MM'),
(909, 171810295, 'RENATAMA AS''SYAHRUL MUBAAROK', '10', 'MM'),
(910, 171810077, 'MUHAMAD RIFA''I SUPRIADI', '10', 'TKJ');

--
-- Indexes for dumped tables
--

--
-- Indexes for table `admin`
--
ALTER TABLE `admin`
 ADD PRIMARY KEY (`id`);

--
-- Indexes for table `data_pelanggaran`
--
ALTER TABLE `data_pelanggaran`
 ADD PRIMARY KEY (`id`);

--
-- Indexes for table `isi_pelanggaran`
--
ALTER TABLE `isi_pelanggaran`
 ADD PRIMARY KEY (`id`), ADD KEY `nama_pelanggaran` (`nama_pelanggaran`);

--
-- Indexes for table `isi_tatib`
--
ALTER TABLE `isi_tatib`
 ADD PRIMARY KEY (`id`), ADD KEY `nama_tatib` (`nama_tatib`);

--
-- Indexes for table `jenis_pelanggaran`
--
ALTER TABLE `jenis_pelanggaran`
 ADD PRIMARY KEY (`nama_pelanggaran`);

--
-- Indexes for table `jenis_tatib`
--
ALTER TABLE `jenis_tatib`
 ADD PRIMARY KEY (`nama_tatib`);

--
-- Indexes for table `mahasiswa`
--
ALTER TABLE `mahasiswa`
 ADD PRIMARY KEY (`id`);

--
-- AUTO_INCREMENT for dumped tables
--

--
-- AUTO_INCREMENT for table `admin`
--
ALTER TABLE `admin`
MODIFY `id` int(11) NOT NULL AUTO_INCREMENT,AUTO_INCREMENT=2;
--
-- AUTO_INCREMENT for table `data_pelanggaran`
--
ALTER TABLE `data_pelanggaran`
MODIFY `id` int(11) NOT NULL AUTO_INCREMENT,AUTO_INCREMENT=41;
--
-- AUTO_INCREMENT for table `isi_pelanggaran`
--
ALTER TABLE `isi_pelanggaran`
MODIFY `id` int(11) NOT NULL AUTO_INCREMENT,AUTO_INCREMENT=22;
--
-- AUTO_INCREMENT for table `isi_tatib`
--
ALTER TABLE `isi_tatib`
MODIFY `id` int(11) NOT NULL AUTO_INCREMENT,AUTO_INCREMENT=125;
--
-- AUTO_INCREMENT for table `mahasiswa`
--
ALTER TABLE `mahasiswa`
MODIFY `id` int(11) NOT NULL AUTO_INCREMENT,AUTO_INCREMENT=911;
--
-- Constraints for dumped tables
--

--
-- Constraints for table `isi_pelanggaran`
--
ALTER TABLE `isi_pelanggaran`
ADD CONSTRAINT `isi_pelanggaran_ibfk_1` FOREIGN KEY (`nama_pelanggaran`) REFERENCES `jenis_pelanggaran` (`nama_pelanggaran`) ON DELETE CASCADE ON UPDATE CASCADE;

--
-- Constraints for table `isi_tatib`
--
ALTER TABLE `isi_tatib`
ADD CONSTRAINT `isi_tatib_ibfk_1` FOREIGN KEY (`nama_tatib`) REFERENCES `jenis_tatib` (`nama_tatib`) ON DELETE CASCADE ON UPDATE CASCADE;

/*!40101 SET CHARACTER_SET_CLIENT=@OLD_CHARACTER_SET_CLIENT */;
/*!40101 SET CHARACTER_SET_RESULTS=@OLD_CHARACTER_SET_RESULTS */;
/*!40101 SET COLLATION_CONNECTION=@OLD_COLLATION_CONNECTION */;
